<?xml version="1.0" encoding="utf-8"?>
<!--<?xml version="1.0" encoding="UTF-8"?>--> 
<Profiles>
 
    <!---General  -->
    <!--polarstar m660-->
  <OverlayItemSetting viewType ="General">
    <Overlay ID ="1" Alignment ="0" Row = "0" Column ="0"></Overlay>
    <Text TextSource ="DicomTag" Prefix ="" Suffix ="" middle =""></Text>
    <DicomTag Group ="0008" Element ="1090"></DicomTag>
    <Font Size ="16" Red ="134" Green ="134" Blue ="134"></Font>
    <Interaction bInteractive ="0" Mode ="" Region ="0"></Interaction>
  </OverlayItemSetting>
  <!--sinogram-->
  <OverlayItemSetting viewType ="General">
    <Overlay ID ="2" Alignment ="0" Row = "1" Column ="0"></Overlay>
    <Text TextSource ="DicomTag" Prefix ="" Suffix ="" middle =""></Text>
    <DicomTag Group ="0008" Element ="0070"></DicomTag>
    <Font Size ="16" Red ="134" Green ="134" Blue ="134"></Font>
    <Interaction bInteractive ="0" Mode ="" Region ="0"></Interaction>
  </OverlayItemSetting>
  <!--Axiel-->
  <OverlayItemSetting viewType ="General">
    <Overlay ID ="3" Alignment ="0" Row = "2" Column ="0"></Overlay>
    <Text TextSource ="UserDefined" Prefix ="" Suffix =", " middle =""></Text>
    <DicomTag Group ="" Element =""></DicomTag>
  <Font Size ="16" Red ="255" Green ="96" Blue ="0"></Font>
    <Interaction bInteractive ="1" Mode ="ViewerMode" Region ="0"></Interaction>
  </OverlayItemSetting>
  <!--Axiel position-->
  <OverlayItemSetting viewType ="General">
    <Overlay ID ="4" Alignment ="0" Row = "2" Column ="1"></Overlay>
    <Text TextSource ="UserDefined" Prefix ="" Suffix ="" middle =""></Text>
    <DicomTag Group ="" Element =""></DicomTag>
  <Font Size ="16" Red ="255" Green ="96" Blue ="0"></Font>
    <Interaction bInteractive ="1" Mode ="SlicePosition" Region ="0"></Interaction>
  </OverlayItemSetting>
  <!--Ex-->
  <OverlayItemSetting viewType ="General">
    <Overlay ID ="5" Alignment ="0" Row = "3" Column ="0"></Overlay>
    <Text TextSource ="DicomTag" Prefix ="Ex: " Suffix ="" middle =""></Text>
    <DicomTag Group ="0020" Element ="0010"></DicomTag>
    <Font Size ="16" Red ="134" Green ="134" Blue ="134"></Font>
    <Interaction bInteractive ="0" Mode ="" Region ="0"></Interaction>
  </OverlayItemSetting>
  <!--Series Number-->
  <OverlayItemSetting viewType ="General">
    <Overlay ID ="6" Alignment ="0" Row = "4" Column ="0"></Overlay>
    <Text TextSource ="DicomTag" Prefix ="Se: " Suffix ="" middle =""></Text>
    <DicomTag Group ="0020" Element ="0011"></DicomTag>
    <Font Size ="16" Red ="134" Green ="134" Blue ="134"></Font>
    <Interaction bInteractive ="0" Mode ="" Region ="0"></Interaction>
  </OverlayItemSetting>
  <!--Image ID-->
  <OverlayItemSetting viewType ="General">
    <Overlay ID ="7" Alignment ="0" Row = "5" Column ="0"></Overlay>
    <Text TextSource ="UserDefined" Prefix ="Im: " Suffix ="" middle ="/"></Text>
    <DicomTag Group ="" Element =""></DicomTag>
  <Font Size ="16" Red ="255" Green ="96" Blue ="0"></Font>
    <Interaction bInteractive ="1" Mode ="SliceNumber" Region ="0"></Interaction>
  </OverlayItemSetting>
  <!--DFOV-->
  <OverlayItemSetting viewType ="General">
  <Overlay ID ="8" Alignment ="0" Row = "6" Column ="0"></Overlay>
    <Text TextSource ="UserDefined" Prefix ="DFOV:" Suffix ="mm" middle =""></Text>
    <DicomTag Group ="" Element =""></DicomTag>
    <Font Size ="16" Red ="255" Green ="96" Blue ="0"></Font>
    <Interaction bInteractive ="1" Mode ="ZoomRatio" Region ="0"></Interaction>
  </OverlayItemSetting>
  <!--standard-->
  <OverlayItemSetting viewType ="General">
  <Overlay ID ="9" Alignment ="0" Row = "7" Column ="0"></Overlay>
  <Text TextSource ="DicomTag" Prefix ="" Suffix ="" middle =""></Text>
  <DicomTag Group ="0018" Element ="1210"></DicomTag>
  <Font Size ="16" Red ="134" Green ="134" Blue ="134"></Font>
  <Interaction bInteractive ="0" Mode ="" Region ="0"></Interaction>
  </OverlayItemSetting>



  <!--Orientation Top-->
  <OverlayItemSetting viewType ="General">
    <Overlay ID ="10" Alignment ="1" Row = "0" Column ="0"></Overlay>
    <Text TextSource ="UserDefined" Prefix ="" Suffix ="" middle =""></Text>
    <DicomTag Group ="" Element =""></DicomTag>
  <Font Size ="16" Red ="255" Green ="96" Blue ="0"></Font>
    <Interaction bInteractive ="1" Mode ="OrientationCharTop" Region ="0"></Interaction>
  </OverlayItemSetting>


  <!--Insitiution name-->
  <OverlayItemSetting viewType ="General">
    <Overlay ID ="11" Alignment ="2" Row = "0" Column ="0"></Overlay>
    <Text TextSource ="DicomTag" Prefix ="" Suffix ="" middle =""></Text>
    <DicomTag Group ="0x0008" Element ="0x0080"></DicomTag>
  <Font Size ="16" Red ="134" Green ="134" Blue ="134"></Font>
    <Interaction bInteractive ="0" Mode ="" Region ="0"></Interaction>
  </OverlayItemSetting>
  <!--study Date-->
  <OverlayItemSetting viewType ="General">
    <Overlay ID ="12" Alignment ="2" Row = "1" Column ="0"></Overlay>
    <Text TextSource ="DicomTag" Prefix ="" Suffix ="" middle =""></Text>
    <DicomTag Group ="0008" Element ="0020"></DicomTag>
  <Font Size ="16" Red ="134" Green ="134" Blue ="134"></Font>>
    <Interaction bInteractive ="0" Mode ="" Region ="0"></Interaction>
  </OverlayItemSetting>
  <!--Patient's Name-->
  <OverlayItemSetting viewType ="General">
    <Overlay ID ="13" Alignment ="2" Row = "2" Column ="0"></Overlay>
    <Text TextSource ="DicomTag" Prefix ="" Suffix ="" middle =""></Text>
    <DicomTag Group ="0010" Element ="0010"></DicomTag>
  <Font Size ="16" Red ="134" Green ="134" Blue ="134"></Font>
    <Interaction bInteractive ="0" Mode ="" Region ="0"></Interaction>
  </OverlayItemSetting>
  <!--Patient Sex-->
  <OverlayItemSetting viewType ="General">
    <Overlay ID ="14" Alignment ="2" Row = "3" Column ="0"></Overlay>
    <Text TextSource ="DicomTag" Prefix ="" Suffix =" " middle =""></Text>
    <DicomTag Group ="0010" Element ="0040"></DicomTag>
  <Font Size ="16" Red ="134" Green ="134" Blue ="134"></Font>
    <Interaction bInteractive ="0" Mode ="" Region ="0"></Interaction>
  </OverlayItemSetting>
  <!--Patient Age-->
  <OverlayItemSetting viewType ="General">
    <Overlay ID ="15" Alignment ="2" Row = "3" Column ="1"></Overlay>
    <Text TextSource ="DicomTag" Prefix ="" Suffix ="" middle =""></Text>
    <DicomTag Group ="0x0010" Element ="0x1010"></DicomTag>
  <Font Size ="16" Red ="134" Green ="134" Blue ="134"></Font>
    <Interaction bInteractive ="0" Mode ="" Region ="0"></Interaction>
  </OverlayItemSetting>


  <!--Orientation Right-->
  <OverlayItemSetting viewType ="General">
    <Overlay ID ="16" Alignment ="3" Row = "0" Column ="0"></Overlay>
    <Text TextSource ="UserDefined" Prefix ="" Suffix ="" middle =""></Text>
    <DicomTag Group ="" Element =""></DicomTag>
  <Font Size ="16" Red ="255" Green ="96" Blue ="0"></Font>
    <Interaction bInteractive ="1" Mode ="OrientationCharRight" Region ="0"></Interaction>
  </OverlayItemSetting>


  <!--Pixel Body Position-->
  <OverlayItemSetting viewType ="General">
    <Overlay ID ="17" Alignment ="4" Row = "0" Column ="0"></Overlay>
    <Text TextSource ="UserDefined" Prefix =" " Suffix ="" middle =""></Text>
    <DicomTag Group ="" Element =""></DicomTag>
  <Font Size ="16" Red ="255" Green ="96" Blue ="0"></Font>
    <Interaction bInteractive ="1" Mode ="PETPixelBodyPos" Region ="0"></Interaction>
  </OverlayItemSetting>
  <!--Pixel Value-->
  <OverlayItemSetting viewType ="General">
    <Overlay ID ="18" Alignment ="4" Row = "1" Column ="0"></Overlay>
    <Text TextSource ="UserDefined" Prefix ="V: " Suffix ="" middle =""></Text>
    <DicomTag Group ="" Element =""></DicomTag>
    <Font Size ="16" Red ="255" Green ="96" Blue ="0"></Font>
    <Interaction bInteractive ="1" Mode ="PETPixelValue" Region ="0"></Interaction>
  </OverlayItemSetting>
  
  <!--Orientation Botton-->
  <OverlayItemSetting viewType ="General">
    <Overlay ID ="19" Alignment ="5" Row = "0" Column ="0"></Overlay>
    <Text TextSource ="UserDefined" Prefix ="" Suffix ="" middle =""></Text>
    <DicomTag Group ="" Element =""></DicomTag>
  <Font Size ="16" Red ="255" Green ="96" Blue ="0"></Font>
    <Interaction bInteractive ="1" Mode ="OrientationCharBottom" Region ="0"></Interaction>
  </OverlayItemSetting>

  <!--KVP-->
  <OverlayItemSetting viewType ="General">
    <Overlay ID ="20" Alignment ="6" Row = "0" Column ="0"></Overlay>
    <Text TextSource ="DicomTag" Prefix ="kV: " Suffix ="" middle =""></Text>
    <DicomTag Group ="0018" Element ="0060"></DicomTag>
  <Font Size ="16" Red ="134" Green ="134" Blue ="134"></Font>
    <Interaction bInteractive ="0" Mode ="" Region ="0"></Interaction>
  </OverlayItemSetting>
  <!--x-ray Tube Current-->
  <OverlayItemSetting viewType ="General">
    <Overlay ID ="21" Alignment ="6" Row = "1" Column ="0"></Overlay>
    <Text TextSource ="DicomTag" Prefix ="mA: " Suffix ="" middle =""></Text>
    <DicomTag Group ="0018" Element ="1151"></DicomTag>
  <Font Size ="16" Red ="134" Green ="134" Blue ="134"></Font>
    <Interaction bInteractive ="0" Mode ="" Region ="0"></Interaction>
  </OverlayItemSetting>
  <!--旋转速度-->
  <OverlayItemSetting viewType ="General">
    <Overlay ID ="22" Alignment ="6" Row = "2" Column ="0"></Overlay>
    <Text TextSource ="DicomTag" Prefix ="旋转速度: " Suffix ="s" middle =""></Text>
    <DicomTag Group ="0018" Element ="9305"></DicomTag>
  <Font Size ="16" Red ="134" Green ="134" Blue ="134"></Font>
    <Interaction bInteractive ="0" Mode ="" Region ="0"></Interaction>
  </OverlayItemSetting>
  <!--螺距-->
  <OverlayItemSetting viewType ="General">
    <Overlay ID ="23" Alignment ="6" Row = "3" Column ="0"></Overlay>
    <Text TextSource ="DicomTag" Prefix ="螺距: " Suffix ="" middle =""></Text>
    <DicomTag Group ="0018" Element ="9311"></DicomTag>
  <Font Size ="16" Red ="134" Green ="134" Blue ="134"></Font>
    <Interaction bInteractive ="0" Mode ="" Region ="0"></Interaction>
  </OverlayItemSetting>
  <!--层厚-->
  <OverlayItemSetting viewType ="General">
    <Overlay ID ="24" Alignment ="6" Row = "4" Column ="0"></Overlay>
    <Text TextSource ="DicomTag" Prefix ="" Suffix ="mm/" middle =""></Text>
    <DicomTag Group ="0018" Element ="0050"></DicomTag>
  <Font Size ="16" Red ="134" Green ="134" Blue ="134"></Font>
    <Interaction bInteractive ="0" Mode ="" Region ="0"></Interaction>
  </OverlayItemSetting>
  <!--层间隔-->
  <OverlayItemSetting viewType ="General">
    <Overlay ID ="25" Alignment ="6" Row = "4" Column ="1"></Overlay>
    <Text TextSource ="UserDefined" Prefix ="" Suffix ="mm" middle =""></Text>
    <DicomTag Group ="" Element =""></DicomTag>
  <Font Size ="16" Red ="255" Green ="96" Blue ="0"></Font>
    <Interaction bInteractive ="1" Mode ="Thickness" Region ="0"></Interaction>
  </OverlayItemSetting> 
  <!--Slice Thickess-->
  <OverlayItemSetting viewType ="General">
    <Overlay ID ="26" Alignment ="6" Row = "5" Column ="0"></Overlay>
    <Text TextSource ="UserDefined" Prefix ="" Suffix ="/" middle =""></Text>
    <DicomTag Group ="" Element =""></DicomTag>
  <Font Size ="16" Red ="255" Green ="96" Blue ="0"></Font>
    <Interaction bInteractive ="1" Mode ="SliceThickness" Region ="0"></Interaction>
  </OverlayItemSetting>
  <!--WW-->
  <OverlayItemSetting viewType ="General">
    <Overlay ID ="27" Alignment ="6" Row = "6" Column ="0"></Overlay>
    <Text TextSource ="UserDefined" Prefix ="" Suffix =" " middle =""></Text>
    <DicomTag Group ="" Element =""></DicomTag>
  <Font Size ="16" Red ="255" Green ="96" Blue ="0"></Font>
    <Interaction bInteractive ="1" Mode ="WW" Region ="0"></Interaction>
  </OverlayItemSetting>
  <!--WL-->
  <OverlayItemSetting viewType ="General">
    <Overlay ID ="28" Alignment ="6" Row = "6" Column ="1"></Overlay>
    <Text TextSource ="UserDefined" Prefix ="" Suffix ="" middle =""></Text>
    <DicomTag Group ="" Element =""></DicomTag>
  <Font Size ="16" Red ="255" Green ="96" Blue ="0"></Font>
    <Interaction bInteractive ="1" Mode ="WL" Region ="0"></Interaction>
  </OverlayItemSetting>
  <!--series Time-->
  <OverlayItemSetting viewType ="General">
    <Overlay ID ="29" Alignment ="6" Row = "7" Column ="0"></Overlay>
    <Text TextSource ="DicomTag" Prefix ="" Suffix ="" middle =""></Text>
    <DicomTag Group ="0008" Element ="0031"></DicomTag>
  <Font Size ="16" Red ="134" Green ="134" Blue ="134"></Font>
    <Interaction bInteractive ="0" Mode ="" Region ="0"></Interaction>
  </OverlayItemSetting>
  <!--SUV Type-->
  <OverlayItemSetting viewType ="General">
    <Overlay ID ="30" Alignment ="6" Row = "8" Column ="0"></Overlay>
    <Text TextSource ="UserDefined" Prefix ="" Suffix ="" middle =""></Text>
    <DicomTag Group ="" Element =""></DicomTag>
  <Font Size ="16" Red ="255" Green ="96" Blue ="0"></Font>
    <Interaction bInteractive ="1" Mode ="SUVType" Region ="0"></Interaction>
  </OverlayItemSetting>
  <!--Done-->
  <OverlayItemSetting viewType ="General">
    <Overlay ID ="31" Alignment ="6" Row = "9" Column ="0"></Overlay>
    <Text TextSource ="UserDefined" Prefix ="" Suffix ="" middle =""></Text>
    <DicomTag Group ="" Element =""></DicomTag>
  <Font Size ="16" Red ="255" Green ="96" Blue ="0"></Font>
    <Interaction bInteractive ="1" Mode ="Dose" Region ="0"></Interaction>
  </OverlayItemSetting>
 


  <!--Orientation Left-->
  <OverlayItemSetting viewType ="General">
    <Overlay ID ="32" Alignment ="7" Row = "0" Column ="0"></Overlay>
    <Text TextSource ="UserDefined" Prefix ="" Suffix ="" middle =""></Text>
    <DicomTag Group ="" Element =""></DicomTag>
  <Font Size ="16" Red ="255" Green ="96" Blue ="0"></Font>
    <Interaction bInteractive ="1" Mode ="OrientationCharLeft" Region ="0"></Interaction>
  </OverlayItemSetting>
  
  
  <!------------------------------------------------------2DBrowser----------------------------------------------------------->
   <!--polarstar m660-->
  <OverlayItemSetting viewType ="2DBrowser.General">
    <Overlay ID ="1" Alignment ="0" Row = "0" Column ="0"></Overlay>
    <Text TextSource ="DicomTag" Prefix ="" Suffix ="" middle =""></Text>
    <DicomTag Group ="0008" Element ="1090"></DicomTag>
    <Font Size ="16" Red ="134" Green ="134" Blue ="134"></Font>
    <Interaction bInteractive ="0" Mode ="" Region ="0"></Interaction>
  </OverlayItemSetting>
  <!--sinogram-->
  <OverlayItemSetting viewType ="2DBrowser.General">
    <Overlay ID ="2" Alignment ="0" Row = "1" Column ="0"></Overlay>
    <Text TextSource ="DicomTag" Prefix ="" Suffix ="" middle =""></Text>
    <DicomTag Group ="0008" Element ="0070"></DicomTag>
    <Font Size ="16" Red ="134" Green ="134" Blue ="134"></Font>
    <Interaction bInteractive ="0" Mode ="" Region ="0"></Interaction>
  </OverlayItemSetting>
  <!--Axiel-->
  <OverlayItemSetting viewType ="2DBrowser.General">
    <Overlay ID ="3" Alignment ="0" Row = "2" Column ="0"></Overlay>
    <Text TextSource ="UserDefined" Prefix ="" Suffix =", " middle =""></Text>
    <DicomTag Group ="" Element =""></DicomTag>
  <Font Size ="16" Red ="255" Green ="96" Blue ="0"></Font>
    <Interaction bInteractive ="1" Mode ="ViewerMode" Region ="0"></Interaction>
  </OverlayItemSetting>
  <!--Axiel position-->
  <OverlayItemSetting viewType ="2DBrowser.General">
    <Overlay ID ="4" Alignment ="0" Row = "2" Column ="1"></Overlay>
    <Text TextSource ="UserDefined" Prefix ="" Suffix ="" middle =""></Text>
    <DicomTag Group ="" Element =""></DicomTag>
  <Font Size ="16" Red ="255" Green ="96" Blue ="0"></Font>
    <Interaction bInteractive ="1" Mode ="SlicePosition" Region ="0"></Interaction>
  </OverlayItemSetting>
  <!--Ex-->
  <OverlayItemSetting viewType ="2DBrowser.General">
    <Overlay ID ="5" Alignment ="0" Row = "3" Column ="0"></Overlay>
    <Text TextSource ="DicomTag" Prefix ="Ex: " Suffix ="" middle =""></Text>
    <DicomTag Group ="0020" Element ="0010"></DicomTag>
    <Font Size ="16" Red ="134" Green ="134" Blue ="134"></Font>
    <Interaction bInteractive ="0" Mode ="" Region ="0"></Interaction>
  </OverlayItemSetting>
  <!--Series Number-->
  <OverlayItemSetting viewType ="2DBrowser.General">
    <Overlay ID ="6" Alignment ="0" Row = "4" Column ="0"></Overlay>
    <Text TextSource ="DicomTag" Prefix ="Se: " Suffix ="" middle =""></Text>
    <DicomTag Group ="0020" Element ="0011"></DicomTag>
    <Font Size ="16" Red ="134" Green ="134" Blue ="134"></Font>
    <Interaction bInteractive ="0" Mode ="" Region ="0"></Interaction>
  </OverlayItemSetting>
  <!--Image ID-->
  <OverlayItemSetting viewType ="2DBrowser.General">
    <Overlay ID ="7" Alignment ="0" Row = "5" Column ="0"></Overlay>
    <Text TextSource ="UserDefined" Prefix ="Im: " Suffix ="" middle ="/"></Text>
    <DicomTag Group ="" Element =""></DicomTag>
  <Font Size ="16" Red ="255" Green ="96" Blue ="0"></Font>
    <Interaction bInteractive ="1" Mode ="SliceNumber" Region ="0"></Interaction>
  </OverlayItemSetting>
  <!--DFOV-->
  <OverlayItemSetting viewType ="2DBrowser.General">
  <Overlay ID ="8" Alignment ="0" Row = "6" Column ="0"></Overlay>
    <Text TextSource ="UserDefined" Prefix ="" Suffix ="" middle =""></Text>
    <DicomTag Group ="" Element =""></DicomTag>
    <Font Size ="16" Red ="255" Green ="96" Blue ="0"></Font>
    <Interaction bInteractive ="1" Mode ="ZoomRatio" Region ="0"></Interaction>
  </OverlayItemSetting>
  <!--standard-->
  <OverlayItemSetting viewType ="2DBrowser.General">
  <Overlay ID ="9" Alignment ="0" Row = "7" Column ="0"></Overlay>
  <Text TextSource ="DicomTag" Prefix ="" Suffix ="" middle =""></Text>
  <DicomTag Group ="0018" Element ="1210"></DicomTag>
  <Font Size ="16" Red ="134" Green ="134" Blue ="134"></Font>
  <Interaction bInteractive ="0" Mode ="" Region ="0"></Interaction>
  </OverlayItemSetting>



  <!--Orientation Top-->
  <OverlayItemSetting viewType ="2DBrowser.General">
    <Overlay ID ="10" Alignment ="1" Row = "0" Column ="0"></Overlay>
    <Text TextSource ="UserDefined" Prefix ="" Suffix ="" middle =""></Text>
    <DicomTag Group ="" Element =""></DicomTag>
  <Font Size ="16" Red ="255" Green ="96" Blue ="0"></Font>
    <Interaction bInteractive ="1" Mode ="OrientationCharTop" Region ="0"></Interaction>
  </OverlayItemSetting>


  <!--Insitiution name-->
  <OverlayItemSetting viewType ="2DBrowser.General">
    <Overlay ID ="11" Alignment ="2" Row = "0" Column ="0"></Overlay>
    <Text TextSource ="DicomTag" Prefix ="" Suffix ="" middle =""></Text>
    <DicomTag Group ="0x0008" Element ="0x0080"></DicomTag>
  <Font Size ="16" Red ="134" Green ="134" Blue ="134"></Font>
    <Interaction bInteractive ="0" Mode ="" Region ="0"></Interaction>
  </OverlayItemSetting>
  <!--study Date-->
  <OverlayItemSetting viewType ="2DBrowser.General">
    <Overlay ID ="12" Alignment ="2" Row = "1" Column ="0"></Overlay>
    <Text TextSource ="DicomTag" Prefix ="" Suffix ="" middle =""></Text>
    <DicomTag Group ="0008" Element ="0020"></DicomTag>
  <Font Size ="16" Red ="134" Green ="134" Blue ="134"></Font>>
    <Interaction bInteractive ="0" Mode ="" Region ="0"></Interaction>
  </OverlayItemSetting>
  <!--Patient's Name-->
  <OverlayItemSetting viewType ="2DBrowser.General">
    <Overlay ID ="13" Alignment ="2" Row = "2" Column ="0"></Overlay>
    <Text TextSource ="DicomTag" Prefix ="" Suffix ="" middle =""></Text>
    <DicomTag Group ="0010" Element ="0010"></DicomTag>
  <Font Size ="16" Red ="134" Green ="134" Blue ="134"></Font>
    <Interaction bInteractive ="0" Mode ="" Region ="0"></Interaction>
  </OverlayItemSetting>
  <!--Patient Sex-->
  <OverlayItemSetting viewType ="2DBrowser.General">
    <Overlay ID ="14" Alignment ="2" Row = "3" Column ="0"></Overlay>
    <Text TextSource ="DicomTag" Prefix ="" Suffix =" " middle =""></Text>
    <DicomTag Group ="0010" Element ="0040"></DicomTag>
  <Font Size ="16" Red ="134" Green ="134" Blue ="134"></Font>
    <Interaction bInteractive ="0" Mode ="" Region ="0"></Interaction>
  </OverlayItemSetting>
  <!--Patient Age-->
  <OverlayItemSetting viewType ="2DBrowser.General">
    <Overlay ID ="15" Alignment ="2" Row = "3" Column ="1"></Overlay>
    <Text TextSource ="DicomTag" Prefix ="" Suffix ="" middle =""></Text>
    <DicomTag Group ="0x0010" Element ="0x1010"></DicomTag>
  <Font Size ="16" Red ="134" Green ="134" Blue ="134"></Font>
    <Interaction bInteractive ="0" Mode ="" Region ="0"></Interaction>
  </OverlayItemSetting>
  <!--Description-->
  <OverlayItemSetting viewType ="2DBrowser.General">
    <Overlay ID ="16" Alignment ="2" Row = "4" Column ="0"></Overlay>
    <Text TextSource ="DicomTag" Prefix ="" Suffix ="" middle =""></Text>
    <DicomTag Group ="0x0008" Element ="0x103E"></DicomTag>
    <Font Size ="16" Red ="134" Green ="134" Blue ="134"></Font>
    <Interaction bInteractive ="0" Mode ="" Region ="0"></Interaction>
  </OverlayItemSetting>
  

  <!--Orientation Right-->
  <OverlayItemSetting viewType ="2DBrowser.General">
    <Overlay ID ="17" Alignment ="3" Row = "0" Column ="0"></Overlay>
    <Text TextSource ="UserDefined" Prefix ="" Suffix ="" middle =""></Text>
    <DicomTag Group ="" Element =""></DicomTag>
  <Font Size ="16" Red ="255" Green ="96" Blue ="0"></Font>
    <Interaction bInteractive ="1" Mode ="OrientationCharRight" Region ="0"></Interaction>
  </OverlayItemSetting>


  <!--Pixel Body Position-->
  <OverlayItemSetting viewType ="2DBrowser.General">
    <Overlay ID ="18" Alignment ="4" Row = "0" Column ="0"></Overlay>
    <Text TextSource ="UserDefined" Prefix ="" Suffix ="" middle =""></Text>
    <DicomTag Group ="" Element =""></DicomTag>
  <Font Size ="16" Red ="255" Green ="96" Blue ="0"></Font>
    <Interaction bInteractive ="1" Mode ="PETPixelBodyPos" Region ="0"></Interaction>
  </OverlayItemSetting>
  <!--Pixel Value-->
  <OverlayItemSetting viewType ="2DBrowser.General">
    <Overlay ID ="19" Alignment ="4" Row = "1" Column ="0"></Overlay>
    <Text TextSource ="UserDefined" Prefix ="V: " Suffix ="" middle =""></Text>
    <DicomTag Group ="" Element =""></DicomTag>
    <Font Size ="16" Red ="255" Green ="96" Blue ="0"></Font>
    <Interaction bInteractive ="1" Mode ="PETPixelValue" Region ="0"></Interaction>
  </OverlayItemSetting>

  <!--Orientation Botton-->
  <OverlayItemSetting viewType ="2DBrowser.General">
    <Overlay ID ="20" Alignment ="5" Row = "0" Column ="0"></Overlay>
    <Text TextSource ="UserDefined" Prefix ="" Suffix ="" middle =""></Text>
    <DicomTag Group ="" Element =""></DicomTag>
  <Font Size ="16" Red ="255" Green ="96" Blue ="0"></Font>
    <Interaction bInteractive ="1" Mode ="OrientationCharBottom" Region ="0"></Interaction>
  </OverlayItemSetting>

  <!--KVP-->
  <OverlayItemSetting viewType ="2DBrowser.General">
    <Overlay ID ="21" Alignment ="6" Row = "0" Column ="0"></Overlay>
    <Text TextSource ="DicomTag" Prefix ="kV: " Suffix ="" middle =""></Text>
    <DicomTag Group ="0018" Element ="0060"></DicomTag>
  <Font Size ="16" Red ="134" Green ="134" Blue ="134"></Font>
    <Interaction bInteractive ="0" Mode ="" Region ="0"></Interaction>
  </OverlayItemSetting>
  <!--x-ray Tube Current-->
  <OverlayItemSetting viewType ="2DBrowser.General">
    <Overlay ID ="22" Alignment ="6" Row = "1" Column ="0"></Overlay>
    <Text TextSource ="DicomTag" Prefix ="mA: " Suffix ="" middle =""></Text>
    <DicomTag Group ="0018" Element ="1151"></DicomTag>
  <Font Size ="16" Red ="134" Green ="134" Blue ="134"></Font>
    <Interaction bInteractive ="0" Mode ="" Region ="0"></Interaction>
  </OverlayItemSetting>
  <!--旋转速度-->
  <OverlayItemSetting viewType ="2DBrowser.General">
    <Overlay ID ="23" Alignment ="6" Row = "2" Column ="0"></Overlay>
    <Text TextSource ="DicomTag" Prefix ="旋转速度: " Suffix ="s" middle =""></Text>
    <DicomTag Group ="0018" Element ="9305"></DicomTag>
  <Font Size ="16" Red ="134" Green ="134" Blue ="134"></Font>
    <Interaction bInteractive ="0" Mode ="" Region ="0"></Interaction>
  </OverlayItemSetting>
  <!--螺距-->
  <OverlayItemSetting viewType ="2DBrowser.General">
    <Overlay ID ="24" Alignment ="6" Row = "3" Column ="0"></Overlay>
    <Text TextSource ="DicomTag" Prefix ="螺距: " Suffix ="" middle =""></Text>
    <DicomTag Group ="0018" Element ="9311"></DicomTag>
  <Font Size ="16" Red ="134" Green ="134" Blue ="134"></Font>
    <Interaction bInteractive ="0" Mode ="" Region ="0"></Interaction>
  </OverlayItemSetting>
  <!--层厚-->
  <OverlayItemSetting viewType ="2DBrowser.General">
    <Overlay ID ="25" Alignment ="6" Row = "4" Column ="0"></Overlay>
    <Text TextSource ="DicomTag" Prefix ="" Suffix ="mm/" middle =""></Text>
    <DicomTag Group ="0018" Element ="0050"></DicomTag>
  <Font Size ="16" Red ="134" Green ="134" Blue ="134"></Font>
    <Interaction bInteractive ="0" Mode ="" Region ="0"></Interaction>
  </OverlayItemSetting>
  <!--层间隔-->
  <OverlayItemSetting viewType ="2DBrowser.General">
    <Overlay ID ="26" Alignment ="6" Row = "4" Column ="1"></Overlay>
    <Text TextSource ="UserDefined" Prefix ="" Suffix ="mm" middle =""></Text>
    <DicomTag Group ="" Element =""></DicomTag>
  <Font Size ="16" Red ="255" Green ="96" Blue ="0"></Font>
    <Interaction bInteractive ="1" Mode ="Thickness" Region ="0"></Interaction>
  </OverlayItemSetting> 
  <!--Slice Thickess-->
  <OverlayItemSetting viewType ="2DBrowser.General">
    <Overlay ID ="27" Alignment ="6" Row = "5" Column ="0"></Overlay>
    <Text TextSource ="UserDefined" Prefix ="" Suffix ="/" middle =""></Text>
    <DicomTag Group ="" Element =""></DicomTag>
  <Font Size ="16" Red ="255" Green ="96" Blue ="0"></Font>
    <Interaction bInteractive ="1" Mode ="SliceThickness" Region ="0"></Interaction>
  </OverlayItemSetting>
  <!--WW-->
  <OverlayItemSetting viewType ="2DBrowser.General">
    <Overlay ID ="28" Alignment ="6" Row = "6" Column ="0"></Overlay>
    <Text TextSource ="UserDefined" Prefix ="" Suffix =" " middle =""></Text>
    <DicomTag Group ="" Element =""></DicomTag>
  <Font Size ="16" Red ="255" Green ="96" Blue ="0"></Font>
    <Interaction bInteractive ="1" Mode ="WW" Region ="0"></Interaction>
  </OverlayItemSetting>
  <!--WL-->
  <OverlayItemSetting viewType ="2DBrowser.General">
    <Overlay ID ="29" Alignment ="6" Row = "6" Column ="1"></Overlay>
    <Text TextSource ="UserDefined" Prefix ="" Suffix ="" middle =""></Text>
    <DicomTag Group ="" Element =""></DicomTag>
  <Font Size ="16" Red ="255" Green ="96" Blue ="0"></Font>
    <Interaction bInteractive ="1" Mode ="WL" Region ="0"></Interaction>
  </OverlayItemSetting>
  <!--series Time-->
  <OverlayItemSetting viewType ="2DBrowser.General">
    <Overlay ID ="30" Alignment ="6" Row = "7" Column ="0"></Overlay>
    <Text TextSource ="DicomTag" Prefix ="" Suffix ="" middle =""></Text>
    <DicomTag Group ="0008" Element ="0031"></DicomTag>
  <Font Size ="16" Red ="134" Green ="134" Blue ="134"></Font>
    <Interaction bInteractive ="0" Mode ="" Region ="0"></Interaction>
  </OverlayItemSetting>
  <!--SUV Type-->
  <OverlayItemSetting viewType ="2DBrowser.General">
    <Overlay ID ="31" Alignment ="6" Row = "8" Column ="0"></Overlay>
    <Text TextSource ="UserDefined" Prefix ="" Suffix ="" middle =""></Text>
    <DicomTag Group ="" Element =""></DicomTag>
  <Font Size ="16" Red ="255" Green ="96" Blue ="0"></Font>
    <Interaction bInteractive ="1" Mode ="SUVType" Region ="0"></Interaction>
  </OverlayItemSetting>
  <!--Done-->
  <OverlayItemSetting viewType ="2DBrowser.General">
    <Overlay ID ="32" Alignment ="6" Row = "9" Column ="0"></Overlay>
    <Text TextSource ="UserDefined" Prefix ="" Suffix ="" middle =""></Text>
    <DicomTag Group ="" Element =""></DicomTag>
  <Font Size ="16" Red ="255" Green ="96" Blue ="0"></Font>
    <Interaction bInteractive ="1" Mode ="Dose" Region ="0"></Interaction>
  </OverlayItemSetting>
 


  <!--Orientation Left-->
  <OverlayItemSetting viewType ="2DBrowser.General">
    <Overlay ID ="33" Alignment ="7" Row = "0" Column ="0"></Overlay>
    <Text TextSource ="UserDefined" Prefix ="" Suffix ="" middle =""></Text>
    <DicomTag Group ="" Element =""></DicomTag>
  <Font Size ="16" Red ="255" Green ="96" Blue ="0"></Font>
    <Interaction bInteractive ="1" Mode ="OrientationCharLeft" Region ="0"></Interaction>
  </OverlayItemSetting>

  
  <!------------------------------------------------------SingleSlice----------------------------------------------------------->
  <!--polarstar m660-->
  <OverlayItemSetting viewType ="SingleSlice">
    <Overlay ID ="1" Alignment ="0" Row = "0" Column ="0"></Overlay>
    <Text TextSource ="DicomTag" Prefix ="" Suffix ="" middle =""></Text>
    <DicomTag Group ="0008" Element ="1090"></DicomTag>
    <Font Size ="16" Red ="134" Green ="134" Blue ="134"></Font>
    <Interaction bInteractive ="0" Mode ="" Region ="0"></Interaction>
  </OverlayItemSetting>
  <!--sinogram-->
  <OverlayItemSetting viewType ="SingleSlice">
    <Overlay ID ="2" Alignment ="0" Row = "1" Column ="0"></Overlay>
    <Text TextSource ="DicomTag" Prefix ="" Suffix ="" middle =""></Text>
    <DicomTag Group ="0008" Element ="0070"></DicomTag>
    <Font Size ="16" Red ="134" Green ="134" Blue ="134"></Font>
    <Interaction bInteractive ="0" Mode ="" Region ="0"></Interaction>
  </OverlayItemSetting>
  <!--Axiel-->
  <OverlayItemSetting viewType ="SingleSlice">
    <Overlay ID ="3" Alignment ="0" Row = "2" Column ="0"></Overlay>
    <Text TextSource ="UserDefined" Prefix ="" Suffix =", " middle =""></Text>
    <DicomTag Group ="" Element =""></DicomTag>
  <Font Size ="16" Red ="255" Green ="96" Blue ="0"></Font>
    <Interaction bInteractive ="1" Mode ="ViewerMode" Region ="0"></Interaction>
  </OverlayItemSetting>
  <!--Axiel position-->
  <OverlayItemSetting viewType ="SingleSlice">
    <Overlay ID ="4" Alignment ="0" Row = "2" Column ="1"></Overlay>
    <Text TextSource ="UserDefined" Prefix ="" Suffix ="" middle =""></Text>
    <DicomTag Group ="" Element =""></DicomTag>
  <Font Size ="16" Red ="255" Green ="96" Blue ="0"></Font>
    <Interaction bInteractive ="1" Mode ="SlicePosition" Region ="0"></Interaction>
  </OverlayItemSetting>
  <!--Ex-->
  <OverlayItemSetting viewType ="SingleSlice">
    <Overlay ID ="5" Alignment ="0" Row = "3" Column ="0"></Overlay>
    <Text TextSource ="DicomTag" Prefix ="Ex: " Suffix ="" middle =""></Text>
    <DicomTag Group ="0020" Element ="0010"></DicomTag>
    <Font Size ="16" Red ="134" Green ="134" Blue ="134"></Font>
    <Interaction bInteractive ="0" Mode ="" Region ="0"></Interaction>
  </OverlayItemSetting>
  <!--Series Number-->
  <OverlayItemSetting viewType ="SingleSlice">
    <Overlay ID ="6" Alignment ="0" Row = "4" Column ="0"></Overlay>
    <Text TextSource ="DicomTag" Prefix ="Se: " Suffix ="" middle =""></Text>
    <DicomTag Group ="0020" Element ="0011"></DicomTag>
    <Font Size ="16" Red ="134" Green ="134" Blue ="134"></Font>
    <Interaction bInteractive ="0" Mode ="" Region ="0"></Interaction>
  </OverlayItemSetting>
  <!--Image ID-->
  <OverlayItemSetting viewType ="SingleSlice">
    <Overlay ID ="7" Alignment ="0" Row = "5" Column ="0"></Overlay>
    <Text TextSource ="UserDefined" Prefix ="Im: " Suffix ="" middle ="/"></Text>
    <DicomTag Group ="" Element =""></DicomTag>
  <Font Size ="16" Red ="255" Green ="96" Blue ="0"></Font>
    <Interaction bInteractive ="1" Mode ="SliceNumber" Region ="0"></Interaction>
  </OverlayItemSetting>
  <!--DFOV-->
  <OverlayItemSetting viewType ="SingleSlice">
    <Overlay ID ="8" Alignment ="0" Row = "6" Column ="0"></Overlay>
    <Text TextSource ="UserDefined" Prefix ="" Suffix ="" middle =""></Text>
    <DicomTag Group ="" Element =""></DicomTag>
    <Font Size ="16" Red ="255" Green ="96" Blue ="0"></Font>
    <Interaction bInteractive ="1" Mode ="ZoomRatio" Region ="0"></Interaction>
  </OverlayItemSetting>




  <!--Orientation Top-->
  <OverlayItemSetting viewType ="SingleSlice">
    <Overlay ID ="10" Alignment ="1" Row = "0" Column ="0"></Overlay>
    <Text TextSource ="UserDefined" Prefix ="" Suffix ="" middle =""></Text>
    <DicomTag Group ="" Element =""></DicomTag>
  <Font Size ="16" Red ="255" Green ="96" Blue ="0"></Font>
    <Interaction bInteractive ="1" Mode ="OrientationCharTop" Region ="0"></Interaction>
  </OverlayItemSetting>


  <!--Insitiution name-->
  <OverlayItemSetting viewType ="SingleSlice">
    <Overlay ID ="11" Alignment ="2" Row = "0" Column ="0"></Overlay>
    <Text TextSource ="DicomTag" Prefix ="" Suffix ="" middle =""></Text>
    <DicomTag Group ="0008" Element ="0080"></DicomTag>
    <Font Size ="16" Red ="134" Green ="134" Blue ="134"></Font>
    <Interaction bInteractive ="0" Mode ="" Region ="0"></Interaction>
  </OverlayItemSetting>
  <!--study Date-->
  <OverlayItemSetting viewType ="SingleSlice">
    <Overlay ID ="12" Alignment ="2" Row = "1" Column ="0"></Overlay>
    <Text TextSource ="DicomTag" Prefix ="" Suffix ="" middle =""></Text>
    <DicomTag Group ="0008" Element ="0020"></DicomTag>
    <Font Size ="16" Red ="134" Green ="134" Blue ="134"></Font>
    <Interaction bInteractive ="0" Mode ="" Region ="0"></Interaction>
  </OverlayItemSetting>
  <!--Patient's Name-->
  <OverlayItemSetting viewType ="SingleSlice">
    <Overlay ID ="13" Alignment ="2" Row = "2" Column ="0"></Overlay>
    <Text TextSource ="DicomTag" Prefix ="" Suffix ="" middle =""></Text>
    <DicomTag Group ="0010" Element ="0010"></DicomTag>
    <Font Size ="16" Red ="134" Green ="134" Blue ="134"></Font>
    <Interaction bInteractive ="0" Mode ="" Region ="0"></Interaction>
  </OverlayItemSetting>
  <!--Patient Sex-->
  <OverlayItemSetting viewType ="SingleSlice">
    <Overlay ID ="14" Alignment ="2" Row = "3" Column ="0"></Overlay>
    <Text TextSource ="DicomTag" Prefix ="" Suffix =" " middle =""></Text>
    <DicomTag Group ="0010" Element ="0040"></DicomTag>
    <Font Size ="16" Red ="134" Green ="134" Blue ="134"></Font>
    <Interaction bInteractive ="0" Mode ="" Region ="0"></Interaction>
  </OverlayItemSetting>
  <!--Patient Age-->
  <OverlayItemSetting viewType ="SingleSlice">
    <Overlay ID ="15" Alignment ="2" Row = "3" Column ="1"></Overlay>
    <Text TextSource ="DicomTag" Prefix ="" Suffix ="" middle =""></Text>
    <DicomTag Group ="0010" Element ="1010"></DicomTag>
    <Font Size ="16" Red ="134" Green ="134" Blue ="134"></Font>
    <Interaction bInteractive ="0" Mode ="" Region ="0"></Interaction>
  </OverlayItemSetting>
  <!--Description-->
  <OverlayItemSetting viewType ="SingleSlice">
    <Overlay ID ="16" Alignment ="2" Row = "4" Column ="0"></Overlay>
    <Text TextSource ="DicomTag" Prefix ="" Suffix ="" middle =""></Text>
    <DicomTag Group ="0x0008" Element ="0x103E"></DicomTag>
    <Font Size ="16" Red ="134" Green ="134" Blue ="134"></Font>
    <Interaction bInteractive ="0" Mode ="" Region ="0"></Interaction>
  </OverlayItemSetting>

  <!--Orientation Right-->
  <OverlayItemSetting viewType ="SingleSlice">
    <Overlay ID ="17" Alignment ="3" Row = "0" Column ="0"></Overlay>
    <Text TextSource ="UserDefined" Prefix ="" Suffix ="" middle =""></Text>
    <DicomTag Group ="" Element =""></DicomTag>
  <Font Size ="16" Red ="255" Green ="96" Blue ="0"></Font>
    <Interaction bInteractive ="1" Mode ="OrientationCharRight" Region ="0"></Interaction>
  </OverlayItemSetting>


  <!--Pixel Body Position-->
  <OverlayItemSetting viewType ="SingleSlice">
    <Overlay ID ="18" Alignment ="4" Row = "0" Column ="0"></Overlay>
    <Text TextSource ="UserDefined" Prefix ="" Suffix ="" middle =""></Text>
    <DicomTag Group ="" Element =""></DicomTag>
  <Font Size ="16" Red ="255" Green ="96" Blue ="0"></Font>
    <Interaction bInteractive ="1" Mode ="PETPixelBodyPos" Region ="0"></Interaction>
  </OverlayItemSetting>
  <!--Pixel Value-->
  <OverlayItemSetting viewType ="SingleSlice">
    <Overlay ID ="19" Alignment ="4" Row = "1" Column ="0"></Overlay>
    <Text TextSource ="UserDefined" Prefix ="V: " Suffix ="" middle =""></Text>
    <DicomTag Group ="" Element =""></DicomTag>
    <Font Size ="16" Red ="255" Green ="96" Blue ="0"></Font>
    <Interaction bInteractive ="1" Mode ="PETPixelValue" Region ="0"></Interaction>
  </OverlayItemSetting>

  <!--Orientation Botton-->
  <OverlayItemSetting viewType ="SingleSlice">
    <Overlay ID ="20" Alignment ="5" Row = "0" Column ="0"></Overlay>
    <Text TextSource ="UserDefined" Prefix ="" Suffix ="" middle =""></Text>
    <DicomTag Group ="" Element =""></DicomTag>
  <Font Size ="16" Red ="255" Green ="96" Blue ="0"></Font>
    <Interaction bInteractive ="1" Mode ="OrientationCharBottom" Region ="0"></Interaction>
  </OverlayItemSetting>

  <!--KVP-->
  <OverlayItemSetting viewType ="SingleSlice">
    <Overlay ID ="21" Alignment ="6" Row = "0" Column ="0"></Overlay>
    <Text TextSource ="DicomTag" Prefix ="kV: " Suffix ="" middle =""></Text>
    <DicomTag Group ="0018" Element ="0060"></DicomTag>
    <Font Size ="16" Red ="134" Green ="134" Blue ="134"></Font>
    <Interaction bInteractive ="0" Mode ="" Region ="0"></Interaction>
  </OverlayItemSetting>
  <!--x-ray Tube Current-->
  <OverlayItemSetting viewType ="SingleSlice">
    <Overlay ID ="22" Alignment ="6" Row = "1" Column ="0"></Overlay>
    <Text TextSource ="DicomTag" Prefix ="mA: " Suffix ="" middle =""></Text>
    <DicomTag Group ="0018" Element ="1151"></DicomTag>
    <Font Size ="16" Red ="134" Green ="134" Blue ="134"></Font>
    <Interaction bInteractive ="0" Mode ="" Region ="0"></Interaction>
  </OverlayItemSetting>
  <!--层厚-->
  <OverlayItemSetting viewType ="SingleSlice">
    <Overlay ID ="23" Alignment ="6" Row = "4" Column ="0"></Overlay>
    <Text TextSource ="DicomTag" Prefix ="" Suffix ="mm/" middle =""></Text>
    <DicomTag Group ="0018" Element ="0050"></DicomTag>
    <Font Size ="16" Red ="134" Green ="134" Blue ="134"></Font>
    <Interaction bInteractive ="0" Mode ="" Region ="0"></Interaction>
  </OverlayItemSetting>
  <!--层间隔-->
  <OverlayItemSetting viewType ="SingleSlice">
    <Overlay ID ="24" Alignment ="6" Row = "4" Column ="1"></Overlay>
    <Text TextSource ="UserDefined" Prefix ="" Suffix ="mm  " middle =""></Text>
    <DicomTag Group ="" Element =""></DicomTag>
  <Font Size ="16" Red ="255" Green ="96" Blue ="0"></Font>
    <Interaction bInteractive ="1" Mode ="Thickness" Region ="0"></Interaction>
  </OverlayItemSetting>
  <!--Slice Thickess-->
  <OverlayItemSetting viewType ="SingleSlice">
    <Overlay ID ="25" Alignment ="6" Row = "5" Column ="0"></Overlay>
    <Text TextSource ="UserDefined" Prefix ="" Suffix ="/" middle =""></Text>
    <DicomTag Group ="" Element =""></DicomTag>
  <Font Size ="16" Red ="255" Green ="96" Blue ="0"></Font>
    <Interaction bInteractive ="1" Mode ="SliceThickness" Region ="0"></Interaction>
  </OverlayItemSetting>
  <!--WW-->
  <OverlayItemSetting viewType ="SingleSlice">
    <Overlay ID ="26" Alignment ="6" Row = "6" Column ="0"></Overlay>
    <Text TextSource ="UserDefined" Prefix ="" Suffix =" " middle =""></Text>
    <DicomTag Group ="" Element =""></DicomTag>
  <Font Size ="16" Red ="255" Green ="96" Blue ="0"></Font>
    <Interaction bInteractive ="1" Mode ="WW" Region ="0"></Interaction>
  </OverlayItemSetting>
  <!--WL-->
  <OverlayItemSetting viewType ="SingleSlice">
    <Overlay ID ="27" Alignment ="6" Row = "6" Column ="1"></Overlay>
    <Text TextSource ="UserDefined" Prefix ="" Suffix ="" middle =""></Text>
    <DicomTag Group ="" Element =""></DicomTag>
  <Font Size ="16" Red ="255" Green ="96" Blue ="0"></Font>
    <Interaction bInteractive ="1" Mode ="WL" Region ="0"></Interaction>
  </OverlayItemSetting>
  <!--series Time-->
  <OverlayItemSetting viewType ="SingleSlice">
    <Overlay ID ="28" Alignment ="6" Row = "7" Column ="0"></Overlay>
    <Text TextSource ="DicomTag" Prefix ="" Suffix ="" middle =""></Text>
    <DicomTag Group ="0008" Element ="0031"></DicomTag>
    <Font Size ="16" Red ="134" Green ="134" Blue ="134"></Font>
    <Interaction bInteractive ="0" Mode ="" Region ="0"></Interaction>
  </OverlayItemSetting>
  <!--SUV Type-->
  <OverlayItemSetting viewType ="SingleSlice">
    <Overlay ID ="29" Alignment ="6" Row = "8" Column ="0"></Overlay>
    <Text TextSource ="UserDefined" Prefix ="" Suffix ="" middle =""></Text>
    <DicomTag Group ="" Element =""></DicomTag>
  <Font Size ="16" Red ="255" Green ="96" Blue ="0"></Font>
    <Interaction bInteractive ="1" Mode ="SUVType" Region ="0"></Interaction>
  </OverlayItemSetting>
  <!--Done-->
  <OverlayItemSetting viewType ="SingleSlice">
    <Overlay ID ="30" Alignment ="6" Row = "9" Column ="0"></Overlay>
    <Text TextSource ="UserDefined" Prefix ="" Suffix ="" middle =""></Text>
    <DicomTag Group ="" Element =""></DicomTag>
  <Font Size ="16" Red ="255" Green ="96" Blue ="0"></Font>
    <Interaction bInteractive ="1" Mode ="Dose" Region ="0"></Interaction>
  </OverlayItemSetting>


  <!--Orientation Left-->
  <OverlayItemSetting viewType ="SingleSlice">
    <Overlay ID ="31" Alignment ="7" Row = "0" Column ="0"></Overlay>
    <Text TextSource ="UserDefined" Prefix ="" Suffix ="" middle =""></Text>
    <DicomTag Group ="" Element =""></DicomTag>
  <Font Size ="16" Red ="255" Green ="96" Blue ="0"></Font>
    <Interaction bInteractive ="1" Mode ="OrientationCharLeft" Region ="0"></Interaction>
  </OverlayItemSetting>
<!--  ------------------------------------------------------------------MPR --------------------------------------------------------------------------------------------------- -->
   <!--polarstar m660-->
  <OverlayItemSetting viewType ="MPR.MPR.General">
    <Overlay ID ="1" Alignment ="0" Row = "0" Column ="0"></Overlay>
    <Text TextSource ="DicomTag" Prefix ="" Suffix ="" middle =""></Text>
    <DicomTag Group ="0005" Element ="1090"></DicomTag>
    <Font Size ="16" Red ="134" Green ="134" Blue ="134"></Font>
    <Interaction bInteractive ="0" Mode ="" Region ="0"></Interaction>
  </OverlayItemSetting>
  <!--sinogram-->
  <OverlayItemSetting viewType ="MPR.MPR.General">
    <Overlay ID ="2" Alignment ="0" Row = "1" Column ="0"></Overlay>
    <Text TextSource ="DicomTag" Prefix ="" Suffix ="" middle =""></Text>
    <DicomTag Group ="0008" Element ="0070"></DicomTag>
    <Font Size ="16" Red ="134" Green ="134" Blue ="134"></Font>
    <Interaction bInteractive ="0" Mode ="" Region ="0"></Interaction>
  </OverlayItemSetting>
  <!--Axiel-->
  <OverlayItemSetting viewType ="MPR.MPR.General">
    <Overlay ID ="3" Alignment ="0" Row = "2" Column ="0"></Overlay>
    <Text TextSource ="UserDefined" Prefix ="" Suffix =", " middle =""></Text>
    <DicomTag Group ="" Element =""></DicomTag>
  <Font Size ="16" Red ="255" Green ="96" Blue ="0"></Font>
    <Interaction bInteractive ="1" Mode ="ViewerMode" Region ="0"></Interaction>
  </OverlayItemSetting>
  <!--Axiel position-->
  <OverlayItemSetting viewType ="MPR.MPR.General">
    <Overlay ID ="4" Alignment ="0" Row = "2" Column ="1"></Overlay>
    <Text TextSource ="UserDefined" Prefix ="" Suffix ="" middle =""></Text>
    <DicomTag Group ="" Element =""></DicomTag>
  <Font Size ="16" Red ="255" Green ="96" Blue ="0"></Font>
    <Interaction bInteractive ="1" Mode ="SlicePosition" Region ="0"></Interaction>
  </OverlayItemSetting>
  <!--Ex-->
  <OverlayItemSetting viewType ="MPR.MPR.General">
    <Overlay ID ="5" Alignment ="0" Row = "3" Column ="0"></Overlay>
    <Text TextSource ="DicomTag" Prefix ="Ex: " Suffix ="" middle =""></Text>
    <DicomTag Group ="0020" Element ="0010"></DicomTag>
    <Font Size ="16" Red ="134" Green ="134" Blue ="134"></Font>
    <Interaction bInteractive ="0" Mode ="" Region ="0"></Interaction>
  </OverlayItemSetting>
  <!--Series Number-->
  <OverlayItemSetting viewType ="MPR.MPR.General">
    <Overlay ID ="6" Alignment ="0" Row = "4" Column ="0"></Overlay>
    <Text TextSource ="DicomTag" Prefix ="Se: " Suffix ="" middle =""></Text>
    <DicomTag Group ="0020" Element ="0011"></DicomTag>
    <Font Size ="16" Red ="134" Green ="134" Blue ="134"></Font>
    <Interaction bInteractive ="0" Mode ="" Region ="0"></Interaction>
  </OverlayItemSetting>
  <!--Image ID-->
  <OverlayItemSetting viewType ="MPR.MPR.General">
    <Overlay ID ="7" Alignment ="0" Row = "5" Column ="0"></Overlay>
    <Text TextSource ="UserDefined" Prefix ="Im: " Suffix ="" middle ="/"></Text>
    <DicomTag Group ="" Element =""></DicomTag>
  <Font Size ="16" Red ="255" Green ="96" Blue ="0"></Font>
    <Interaction bInteractive ="1" Mode ="SliceNumber" Region ="0"></Interaction>
  </OverlayItemSetting>
  <!--DFOV-->
  <OverlayItemSetting viewType ="MPR.MPR.General">
  <Overlay ID ="8" Alignment ="0" Row = "6" Column ="0"></Overlay>
    <Text TextSource ="UserDefined" Prefix ="" Suffix ="mm" middle =""></Text>
    <DicomTag Group ="" Element =""></DicomTag>
    <Font Size ="16" Red ="255" Green ="96" Blue ="0"></Font>
    <Interaction bInteractive ="1" Mode ="ZoomRatio" Region ="0"></Interaction>
  </OverlayItemSetting>
  <!--standard-->
  <OverlayItemSetting viewType ="MPR.MPR.General">
  <Overlay ID ="9" Alignment ="0" Row = "7" Column ="0"></Overlay>
  <Text TextSource ="DicomTag" Prefix ="" Suffix ="" middle =""></Text>
  <DicomTag Group ="0018" Element ="1210"></DicomTag>
    <Font Size ="16" Red ="134" Green ="134" Blue ="134"></Font>
  <Interaction bInteractive ="0" Mode ="" Region ="0"></Interaction>
  </OverlayItemSetting>



  <!--Orientation Top-->
  <OverlayItemSetting viewType ="MPR.MPR.General">
    <Overlay ID ="10" Alignment ="1" Row = "0" Column ="0"></Overlay>
    <Text TextSource ="UserDefined" Prefix ="" Suffix ="" middle =""></Text>
    <DicomTag Group ="" Element =""></DicomTag>
  <Font Size ="16" Red ="255" Green ="96" Blue ="0"></Font>
    <Interaction bInteractive ="1" Mode ="OrientationCharTop" Region ="0"></Interaction>
  </OverlayItemSetting>


  <!--Insitiution name-->
  <OverlayItemSetting viewType ="MPR.MPR.General">
    <Overlay ID ="11" Alignment ="2" Row = "0" Column ="0"></Overlay>
    <Text TextSource ="DicomTag" Prefix ="" Suffix ="" middle =""></Text>
    <DicomTag Group ="0008" Element ="0080"></DicomTag>
    <Font Size ="16" Red ="134" Green ="134" Blue ="134"></Font>
    <Interaction bInteractive ="0" Mode ="" Region ="0"></Interaction>
  </OverlayItemSetting>
  <!--study Date-->
  <OverlayItemSetting viewType ="MPR.MPR.General">
    <Overlay ID ="12" Alignment ="2" Row = "1" Column ="0"></Overlay>
    <Text TextSource ="DicomTag" Prefix ="" Suffix ="" middle =""></Text>
    <DicomTag Group ="0008" Element ="0020"></DicomTag>
    <Font Size ="16" Red ="134" Green ="134" Blue ="134"></Font>
    <Interaction bInteractive ="0" Mode ="" Region ="0"></Interaction>
  </OverlayItemSetting>
  <!--Patient's Name-->
  <OverlayItemSetting viewType ="MPR.MPR.General">
    <Overlay ID ="13" Alignment ="2" Row = "2" Column ="0"></Overlay>
    <Text TextSource ="DicomTag" Prefix ="" Suffix ="" middle =""></Text>
    <DicomTag Group ="0010" Element ="0010"></DicomTag>
    <Font Size ="16" Red ="134" Green ="134" Blue ="134"></Font>
    <Interaction bInteractive ="0" Mode ="" Region ="0"></Interaction>
  </OverlayItemSetting>
  <!--Patient Sex-->
  <OverlayItemSetting viewType ="MPR.MPR.General">
    <Overlay ID ="14" Alignment ="2" Row = "3" Column ="0"></Overlay>
    <Text TextSource ="DicomTag" Prefix ="" Suffix =" " middle =""></Text>
    <DicomTag Group ="0010" Element ="0040"></DicomTag>
    <Font Size ="16" Red ="134" Green ="134" Blue ="134"></Font>
    <Interaction bInteractive ="0" Mode ="" Region ="0"></Interaction>
  </OverlayItemSetting>
  <!--Patient Age-->
  <OverlayItemSetting viewType ="MPR.MPR.General">
    <Overlay ID ="15" Alignment ="2" Row = "3" Column ="1"></Overlay>
    <Text TextSource ="DicomTag" Prefix ="" Suffix ="" middle =""></Text>
    <DicomTag Group ="0010" Element ="1010"></DicomTag>
    <Font Size ="16" Red ="134" Green ="134" Blue ="134"></Font>
    <Interaction bInteractive ="0" Mode ="" Region ="0"></Interaction>
  </OverlayItemSetting>
  <!--Description-->
  <OverlayItemSetting viewType ="MPR.MPR.General">
    <Overlay ID ="16" Alignment ="2" Row = "4" Column ="0"></Overlay>
    <Text TextSource ="DicomTag" Prefix ="" Suffix ="" middle =""></Text>
    <DicomTag Group ="0x0008" Element ="0x103E"></DicomTag>
    <Font Size ="16" Red ="134" Green ="134" Blue ="134"></Font>
    <Interaction bInteractive ="0" Mode ="" Region ="0"></Interaction>
  </OverlayItemSetting>

  <!--Orientation Right-->
  <OverlayItemSetting viewType ="MPR.MPR.General">
    <Overlay ID ="17" Alignment ="3" Row = "0" Column ="0"></Overlay>
    <Text TextSource ="UserDefined" Prefix ="" Suffix ="" middle =""></Text>
    <DicomTag Group ="" Element =""></DicomTag>
  <Font Size ="16" Red ="255" Green ="96" Blue ="0"></Font>
    <Interaction bInteractive ="1" Mode ="OrientationCharRight" Region ="0"></Interaction>
  </OverlayItemSetting>


  <!--Pixel Body Position-->
  <OverlayItemSetting viewType ="MPR.MPR.General">
    <Overlay ID ="18" Alignment ="4" Row = "0" Column ="0"></Overlay>
    <Text TextSource ="UserDefined" Prefix ="" Suffix ="" middle =""></Text>
    <DicomTag Group ="" Element =""></DicomTag>
  <Font Size ="16" Red ="255" Green ="96" Blue ="0"></Font>
    <Interaction bInteractive ="1" Mode ="PETPixelBodyPos" Region ="0"></Interaction>
  </OverlayItemSetting>
  <!--Pixel Value-->
  <OverlayItemSetting viewType ="MPR.MPR.General">
    <Overlay ID ="19" Alignment ="4" Row = "1" Column ="0"></Overlay>
    <Text TextSource ="UserDefined" Prefix ="V: " Suffix ="" middle =""></Text>
    <DicomTag Group ="" Element =""></DicomTag>
    <Font Size ="16" Red ="255" Green ="96" Blue ="0"></Font>
    <Interaction bInteractive ="1" Mode ="PETPixelValue" Region ="0"></Interaction>
  </OverlayItemSetting>
  

  <!--Orientation Botton-->
  <OverlayItemSetting viewType ="MPR.MPR.General">
    <Overlay ID ="20" Alignment ="5" Row = "0" Column ="0"></Overlay>
    <Text TextSource ="UserDefined" Prefix ="" Suffix ="" middle =""></Text>
    <DicomTag Group ="" Element =""></DicomTag>
  <Font Size ="16" Red ="255" Green ="96" Blue ="0"></Font>
    <Interaction bInteractive ="1" Mode ="OrientationCharBottom" Region ="0"></Interaction>
  </OverlayItemSetting>

  <!--KVP-->
  <OverlayItemSetting viewType ="MPR.MPR.General">
    <Overlay ID ="21" Alignment ="6" Row = "0" Column ="0"></Overlay>
    <Text TextSource ="DicomTag" Prefix ="kV: " Suffix ="" middle =""></Text>
    <DicomTag Group ="0018" Element ="0060"></DicomTag>
    <Font Size ="16" Red ="134" Green ="134" Blue ="134"></Font>
    <Interaction bInteractive ="0" Mode ="" Region ="0"></Interaction>
  </OverlayItemSetting>
  <!--x-ray Tube Current-->
  <OverlayItemSetting viewType ="MPR.MPR.General">
    <Overlay ID ="22" Alignment ="6" Row = "1" Column ="0"></Overlay>
    <Text TextSource ="DicomTag" Prefix ="mA: " Suffix ="" middle =""></Text>
    <DicomTag Group ="0018" Element ="1151"></DicomTag>
    <Font Size ="16" Red ="134" Green ="134" Blue ="134"></Font>
    <Interaction bInteractive ="0" Mode ="" Region ="0"></Interaction>
  </OverlayItemSetting>
  <!--旋转速度-->
  <OverlayItemSetting viewType ="MPR.MPR.General">
    <Overlay ID ="23" Alignment ="6" Row = "2" Column ="0"></Overlay>
    <Text TextSource ="DicomTag" Prefix ="" Suffix ="s" middle =""></Text>
    <DicomTag Group ="0018" Element ="9305"></DicomTag>
    <Font Size ="16" Red ="134" Green ="134" Blue ="134"></Font>
    <Interaction bInteractive ="0" Mode ="" Region ="0"></Interaction>
  </OverlayItemSetting>
  <!--螺距-->
  <OverlayItemSetting viewType ="MPR.MPR.General">
    <Overlay ID ="24" Alignment ="6" Row = "3" Column ="0"></Overlay>
    <Text TextSource ="DicomTag" Prefix ="" Suffix ="s" middle =""></Text>
    <DicomTag Group ="0018" Element ="9311"></DicomTag>
    <Font Size ="16" Red ="134" Green ="134" Blue ="134"></Font>
    <Interaction bInteractive ="0" Mode ="" Region ="0"></Interaction>
  </OverlayItemSetting>
  <!--层厚-->
  <OverlayItemSetting viewType ="MPR.MPR.General">
    <Overlay ID ="25" Alignment ="6" Row = "4" Column ="0"></Overlay>
    <Text TextSource ="DicomTag" Prefix ="" Suffix ="mm/" middle =""></Text>
    <DicomTag Group ="0018" Element ="0050"></DicomTag>
    <Font Size ="16" Red ="134" Green ="134" Blue ="134"></Font>
    <Interaction bInteractive ="0" Mode ="" Region ="0"></Interaction>
  </OverlayItemSetting>
  <!--层间隔-->
  <OverlayItemSetting viewType ="MPR.MPR.General">
    <Overlay ID ="26" Alignment ="6" Row = "4" Column ="1"></Overlay>
    <Text TextSource ="UserDefined" Prefix ="" Suffix ="mm" middle =""></Text>
    <DicomTag Group ="" Element =""></DicomTag>
  <Font Size ="16" Red ="255" Green ="96" Blue ="0"></Font>
    <Interaction bInteractive ="1" Mode ="Thickness" Region ="0"></Interaction>
  </OverlayItemSetting> 
  <!--Slice Thickess-->
  <OverlayItemSetting viewType ="MPR.MPR.General">
    <Overlay ID ="27" Alignment ="6" Row = "5" Column ="0"></Overlay>
    <Text TextSource ="UserDefined" Prefix ="" Suffix ="/" middle =""></Text>
    <DicomTag Group ="" Element =""></DicomTag>
  <Font Size ="16" Red ="255" Green ="96" Blue ="0"></Font>
    <Interaction bInteractive ="1" Mode ="SliceThickness" Region ="0"></Interaction>
  </OverlayItemSetting>
  <!--WW-->
  <OverlayItemSetting viewType ="MPR.MPR.General">
    <Overlay ID ="28" Alignment ="6" Row = "6" Column ="0"></Overlay>
    <Text TextSource ="UserDefined" Prefix ="" Suffix =" " middle =""></Text>
    <DicomTag Group ="" Element =""></DicomTag>
  <Font Size ="16" Red ="255" Green ="96" Blue ="0"></Font>
    <Interaction bInteractive ="1" Mode ="WW" Region ="0"></Interaction>
  </OverlayItemSetting>
  <!--WL-->
  <OverlayItemSetting viewType ="MPR.MPR.General">
    <Overlay ID ="29" Alignment ="6" Row = "6" Column ="1"></Overlay>
    <Text TextSource ="UserDefined" Prefix ="" Suffix ="" middle =""></Text>
    <DicomTag Group ="" Element =""></DicomTag>
  <Font Size ="16" Red ="255" Green ="96" Blue ="0"></Font>
    <Interaction bInteractive ="1" Mode ="WL" Region ="0"></Interaction>
  </OverlayItemSetting>
  <!--series Time-->
  <OverlayItemSetting viewType ="MPR.MPR.General">
    <Overlay ID ="30" Alignment ="6" Row = "7" Column ="0"></Overlay>
    <Text TextSource ="DicomTag" Prefix ="" Suffix ="" middle =""></Text>
    <DicomTag Group ="0008" Element ="0031"></DicomTag>
    <Font Size ="16" Red ="134" Green ="134" Blue ="134"></Font>
    <Interaction bInteractive ="0" Mode ="" Region ="0"></Interaction>
  </OverlayItemSetting>
  <!--SUV Type-->
  <OverlayItemSetting viewType ="MPR.MPR.General">
    <Overlay ID ="31" Alignment ="6" Row = "8" Column ="0"></Overlay>
    <Text TextSource ="UserDefined" Prefix ="" Suffix ="" middle =""></Text>
    <DicomTag Group ="" Element =""></DicomTag>
  <Font Size ="16" Red ="255" Green ="96" Blue ="0"></Font>
    <Interaction bInteractive ="1" Mode ="SUVType" Region ="0"></Interaction>
  </OverlayItemSetting>
  <!--Done-->
  <OverlayItemSetting viewType ="MPR.MPR.General">
    <Overlay ID ="32" Alignment ="6" Row = "9" Column ="0"></Overlay>
    <Text TextSource ="UserDefined" Prefix ="" Suffix ="" middle =""></Text>
    <DicomTag Group ="" Element =""></DicomTag>
  <Font Size ="16" Red ="255" Green ="96" Blue ="0"></Font>
    <Interaction bInteractive ="1" Mode ="Dose" Region ="0"></Interaction>
  </OverlayItemSetting>
 


  <!--Orientation Left-->
  <OverlayItemSetting viewType ="MPR.MPR.General">
    <Overlay ID ="33" Alignment ="7" Row = "0" Column ="0"></Overlay>
    <Text TextSource ="UserDefined" Prefix ="" Suffix ="" middle =""></Text>
    <DicomTag Group ="" Element =""></DicomTag>
  <Font Size ="16" Red ="255" Green ="96" Blue ="0"></Font>
    <Interaction bInteractive ="1" Mode ="OrientationCharLeft" Region ="0"></Interaction>
  </OverlayItemSetting>
  
  <!-- ------------------------------------------------------MPR Reslice --------------------------------------------------------------->
     <!--polarstar m660-->
  <OverlayItemSetting viewType ="MPR.MPR.Reslice">
    <Overlay ID ="1" Alignment ="0" Row = "0" Column ="0"></Overlay>
    <Text TextSource ="DicomTag" Prefix ="" Suffix ="" middle =""></Text>
    <DicomTag Group ="0005" Element ="1090"></DicomTag>
    <Font Size ="16" Red ="134" Green ="134" Blue ="134"></Font>
    <Interaction bInteractive ="0" Mode ="" Region ="0"></Interaction>
  </OverlayItemSetting>
  <!--sinogram-->
  <OverlayItemSetting viewType ="MPR.MPR.Reslice">
    <Overlay ID ="2" Alignment ="0" Row = "1" Column ="0"></Overlay>
    <Text TextSource ="DicomTag" Prefix ="" Suffix ="" middle =""></Text>
    <DicomTag Group ="0008" Element ="0070"></DicomTag>
    <Font Size ="16" Red ="134" Green ="134" Blue ="134"></Font>
    <Interaction bInteractive ="0" Mode ="" Region ="0"></Interaction>
  </OverlayItemSetting>
  <!--Axiel-->
  <OverlayItemSetting viewType ="MPR.MPR.Reslice">
    <Overlay ID ="3" Alignment ="0" Row = "2" Column ="0"></Overlay>
    <Text TextSource ="UserDefined" Prefix ="" Suffix =", " middle =""></Text>
    <DicomTag Group ="" Element =""></DicomTag>
  <Font Size ="16" Red ="255" Green ="96" Blue ="0"></Font>
    <Interaction bInteractive ="1" Mode ="ViewerMode" Region ="0"></Interaction>
  </OverlayItemSetting>
  <!--Axiel position-->
  <OverlayItemSetting viewType ="MPR.MPR.Reslice">
    <Overlay ID ="4" Alignment ="0" Row = "2" Column ="1"></Overlay>
    <Text TextSource ="UserDefined" Prefix ="" Suffix ="" middle =""></Text>
    <DicomTag Group ="" Element =""></DicomTag>
  <Font Size ="16" Red ="255" Green ="96" Blue ="0"></Font>
    <Interaction bInteractive ="1" Mode ="SlicePosition" Region ="0"></Interaction>
  </OverlayItemSetting>
  <!--Ex-->
  <OverlayItemSetting viewType ="MPR.MPR.Reslice">
    <Overlay ID ="5" Alignment ="0" Row = "3" Column ="0"></Overlay>
    <Text TextSource ="DicomTag" Prefix ="Ex: " Suffix ="" middle =""></Text>
    <DicomTag Group ="0020" Element ="0010"></DicomTag>
    <Font Size ="16" Red ="134" Green ="134" Blue ="134"></Font>
    <Interaction bInteractive ="0" Mode ="" Region ="0"></Interaction>
  </OverlayItemSetting>
  <!--Series Number-->
  <OverlayItemSetting viewType ="MPR.MPR.Reslice">
    <Overlay ID ="6" Alignment ="0" Row = "4" Column ="0"></Overlay>
    <Text TextSource ="DicomTag" Prefix ="Se: " Suffix ="" middle =""></Text>
    <DicomTag Group ="0020" Element ="0011"></DicomTag>
    <Font Size ="16" Red ="134" Green ="134" Blue ="134"></Font>
    <Interaction bInteractive ="0" Mode ="" Region ="0"></Interaction>
  </OverlayItemSetting>
  <!--Image ID-->
  <OverlayItemSetting viewType ="MPR.MPR.Reslice">
    <Overlay ID ="7" Alignment ="0" Row = "5" Column ="0"></Overlay>
    <Text TextSource ="UserDefined" Prefix ="Im: " Suffix ="" middle ="/"></Text>
    <DicomTag Group ="" Element =""></DicomTag>
  <Font Size ="16" Red ="255" Green ="96" Blue ="0"></Font>
    <Interaction bInteractive ="1" Mode ="SliceNumber" Region ="0"></Interaction>
  </OverlayItemSetting>
  <!--DFOV-->
  <OverlayItemSetting viewType ="MPR.MPR.Reslice">
  <Overlay ID ="8" Alignment ="0" Row = "6" Column ="0"></Overlay>
    <Text TextSource ="UserDefined" Prefix ="" Suffix ="mm" middle =""></Text>
    <DicomTag Group ="" Element =""></DicomTag>
    <Font Size ="16" Red ="255" Green ="96" Blue ="0"></Font>
    <Interaction bInteractive ="1" Mode ="ZoomRatio" Region ="0"></Interaction>
  </OverlayItemSetting>
  <!--standard-->
  <OverlayItemSetting viewType ="MPR.MPR.Reslice">
  <Overlay ID ="9" Alignment ="0" Row = "7" Column ="0"></Overlay>
  <Text TextSource ="DicomTag" Prefix ="" Suffix ="" middle =""></Text>
  <DicomTag Group ="0018" Element ="1210"></DicomTag>
    <Font Size ="16" Red ="134" Green ="134" Blue ="134"></Font>
  <Interaction bInteractive ="0" Mode ="" Region ="0"></Interaction>
  </OverlayItemSetting>
  

  <!--Orientation Top-->
  <OverlayItemSetting viewType ="MPR.MPR.Reslice">
    <Overlay ID ="11" Alignment ="1" Row = "0" Column ="0"></Overlay>
    <Text TextSource ="UserDefined" Prefix ="" Suffix ="" middle =""></Text>
    <DicomTag Group ="" Element =""></DicomTag>
  <Font Size ="16" Red ="255" Green ="96" Blue ="0"></Font>
    <Interaction bInteractive ="1" Mode ="OrientationCharTop" Region ="0"></Interaction>
  </OverlayItemSetting>


  <!--Insitiution name-->
  <OverlayItemSetting viewType ="MPR.MPR.Reslice">
    <Overlay ID ="12" Alignment ="2" Row = "0" Column ="0"></Overlay>
    <Text TextSource ="DicomTag" Prefix ="" Suffix ="" middle =""></Text>
    <DicomTag Group ="0008" Element ="0080"></DicomTag>
    <Font Size ="16" Red ="134" Green ="134" Blue ="134"></Font>
    <Interaction bInteractive ="0" Mode ="" Region ="0"></Interaction>
  </OverlayItemSetting>
  <!--study Date-->
  <OverlayItemSetting viewType ="MPR.MPR.Reslice">
    <Overlay ID ="13" Alignment ="2" Row = "1" Column ="0"></Overlay>
    <Text TextSource ="DicomTag" Prefix ="" Suffix ="" middle =""></Text>
    <DicomTag Group ="0008" Element ="0020"></DicomTag>
    <Font Size ="16" Red ="134" Green ="134" Blue ="134"></Font>
    <Interaction bInteractive ="0" Mode ="" Region ="0"></Interaction>
  </OverlayItemSetting>
  <!--Patient's Name-->
  <OverlayItemSetting viewType ="MPR.MPR.Reslice">
    <Overlay ID ="14" Alignment ="2" Row = "2" Column ="0"></Overlay>
    <Text TextSource ="DicomTag" Prefix ="" Suffix ="" middle =""></Text>
    <DicomTag Group ="0010" Element ="0010"></DicomTag>
    <Font Size ="16" Red ="134" Green ="134" Blue ="134"></Font>
    <Interaction bInteractive ="0" Mode ="" Region ="0"></Interaction>
  </OverlayItemSetting>
  <!--Patient Sex-->
  <OverlayItemSetting viewType ="MPR.MPR.Reslice">
    <Overlay ID ="15" Alignment ="2" Row = "3" Column ="0"></Overlay>
    <Text TextSource ="DicomTag" Prefix ="" Suffix =" " middle =""></Text>
    <DicomTag Group ="0010" Element ="0040"></DicomTag>
    <Font Size ="16" Red ="134" Green ="134" Blue ="134"></Font>
    <Interaction bInteractive ="0" Mode ="" Region ="0"></Interaction>
  </OverlayItemSetting>
  <!--Patient Age-->
  <OverlayItemSetting viewType ="MPR.MPR.Reslice">
    <Overlay ID ="16" Alignment ="2" Row = "3" Column ="1"></Overlay>
    <Text TextSource ="DicomTag" Prefix ="" Suffix ="" middle =""></Text>
    <DicomTag Group ="0010" Element ="1010"></DicomTag>
    <Font Size ="16" Red ="134" Green ="134" Blue ="134"></Font>
    <Interaction bInteractive ="0" Mode ="" Region ="0"></Interaction>
  </OverlayItemSetting>
  <!--Description-->
  <OverlayItemSetting viewType ="MPR.MPR.Reslice">
    <Overlay ID ="17" Alignment ="2" Row = "4" Column ="0"></Overlay>
    <Text TextSource ="DicomTag" Prefix ="" Suffix ="" middle =""></Text>
    <DicomTag Group ="0x0008" Element ="0x103E"></DicomTag>
    <Font Size ="16" Red ="134" Green ="134" Blue ="134"></Font>
    <Interaction bInteractive ="0" Mode ="" Region ="0"></Interaction>
  </OverlayItemSetting>

  <!--Orientation Right-->
  <OverlayItemSetting viewType ="MPR.MPR.Reslice">
    <Overlay ID ="18" Alignment ="3" Row = "0" Column ="0"></Overlay>
    <Text TextSource ="UserDefined" Prefix ="" Suffix ="" middle =""></Text>
    <DicomTag Group ="" Element =""></DicomTag>
  <Font Size ="16" Red ="255" Green ="96" Blue ="0"></Font>
    <Interaction bInteractive ="1" Mode ="OrientationCharRight" Region ="0"></Interaction>
  </OverlayItemSetting>


  <!--Pixel Body position-->
  <OverlayItemSetting viewType ="MPR.MPR.Reslice">
    <Overlay ID ="19" Alignment ="4" Row = "0" Column ="0"></Overlay>
    <Text TextSource ="UserDefined" Prefix ="" Suffix ="" middle =""></Text>
    <DicomTag Group ="" Element =""></DicomTag>
  <Font Size ="16" Red ="255" Green ="96" Blue ="0"></Font>
    <Interaction bInteractive ="1" Mode ="PETPixelBodyPos" Region ="0"></Interaction>
  </OverlayItemSetting>
  <!--Pixel Value-->
  <OverlayItemSetting viewType ="MPR.MPR.Reslice">
    <Overlay ID ="20" Alignment ="4" Row = "1" Column ="0"></Overlay>
    <Text TextSource ="UserDefined" Prefix ="V: " Suffix ="" middle =""></Text>
    <DicomTag Group ="" Element =""></DicomTag>
    <Font Size ="16" Red ="255" Green ="96" Blue ="0"></Font>
    <Interaction bInteractive ="1" Mode ="PETPixelValue" Region ="0"></Interaction>
  </OverlayItemSetting>
  

  <!--Orientation Botton-->
  <OverlayItemSetting viewType ="MPR.MPR.Reslice">
    <Overlay ID ="21" Alignment ="5" Row = "0" Column ="0"></Overlay>
    <Text TextSource ="UserDefined" Prefix ="" Suffix ="" middle =""></Text>
    <DicomTag Group ="" Element =""></DicomTag>
  <Font Size ="16" Red ="255" Green ="96" Blue ="0"></Font>
    <Interaction bInteractive ="1" Mode ="OrientationCharBottom" Region ="0"></Interaction>
  </OverlayItemSetting>

  <!--KVP-->
  <OverlayItemSetting viewType ="MPR.MPR.Reslice">
    <Overlay ID ="22" Alignment ="6" Row = "0" Column ="0"></Overlay>
    <Text TextSource ="DicomTag" Prefix ="kV: " Suffix ="" middle =""></Text>
    <DicomTag Group ="0018" Element ="0060"></DicomTag>
    <Font Size ="16" Red ="134" Green ="134" Blue ="134"></Font>
    <Interaction bInteractive ="0" Mode ="" Region ="0"></Interaction>
  </OverlayItemSetting>
  <!--x-ray Tube Current-->
  <OverlayItemSetting viewType ="MPR.MPR.Reslice">
    <Overlay ID ="23" Alignment ="6" Row = "1" Column ="0"></Overlay>
    <Text TextSource ="DicomTag" Prefix ="mA: " Suffix ="" middle =""></Text>
    <DicomTag Group ="0018" Element ="1151"></DicomTag>
    <Font Size ="16" Red ="134" Green ="134" Blue ="134"></Font>
    <Interaction bInteractive ="0" Mode ="" Region ="0"></Interaction>
  </OverlayItemSetting>
  <!--旋转速度-->
  <OverlayItemSetting viewType ="MPR.MPR.Reslice">
    <Overlay ID ="24" Alignment ="6" Row = "2" Column ="0"></Overlay>
    <Text TextSource ="DicomTag" Prefix ="" Suffix ="s" middle =""></Text>
    <DicomTag Group ="0018" Element ="9305"></DicomTag>
    <Font Size ="16" Red ="134" Green ="134" Blue ="134"></Font>
    <Interaction bInteractive ="0" Mode ="" Region ="0"></Interaction>
  </OverlayItemSetting>
  <!--螺距-->
  <OverlayItemSetting viewType ="MPR.MPR.Reslice">
    <Overlay ID ="25" Alignment ="6" Row = "3" Column ="0"></Overlay>
    <Text TextSource ="DicomTag" Prefix ="" Suffix ="s" middle =""></Text>
    <DicomTag Group ="0018" Element ="9311"></DicomTag>
    <Font Size ="16" Red ="134" Green ="134" Blue ="134"></Font>
    <Interaction bInteractive ="0" Mode ="" Region ="0"></Interaction>
  </OverlayItemSetting>
  <!--层厚-->
  <OverlayItemSetting viewType ="MPR.MPR.Reslice">
    <Overlay ID ="26" Alignment ="6" Row = "4" Column ="0"></Overlay>
    <Text TextSource ="DicomTag" Prefix ="" Suffix ="mm/" middle =""></Text>
    <DicomTag Group ="0018" Element ="0050"></DicomTag>
    <Font Size ="16" Red ="134" Green ="134" Blue ="134"></Font>
    <Interaction bInteractive ="0" Mode ="" Region ="0"></Interaction>
  </OverlayItemSetting>
  <!--层间隔-->
  <OverlayItemSetting viewType ="MPR.MPR.Reslice">
    <Overlay ID ="27" Alignment ="6" Row = "4" Column ="1"></Overlay>
    <Text TextSource ="UserDefined" Prefix ="" Suffix ="mm" middle =""></Text>
    <DicomTag Group ="" Element =""></DicomTag>
  <Font Size ="16" Red ="255" Green ="96" Blue ="0"></Font>
    <Interaction bInteractive ="1" Mode ="Thickness" Region ="0"></Interaction>
  </OverlayItemSetting> 
  <!--Slice Thickess-->
  <OverlayItemSetting viewType ="MPR.MPR.Reslice">
    <Overlay ID ="28" Alignment ="6" Row = "5" Column ="0"></Overlay>
    <Text TextSource ="UserDefined" Prefix ="" Suffix ="/" middle =""></Text>
    <DicomTag Group ="" Element =""></DicomTag>
  <Font Size ="16" Red ="255" Green ="96" Blue ="0"></Font>
    <Interaction bInteractive ="1" Mode ="SliceThickness" Region ="0"></Interaction>
  </OverlayItemSetting>
  <!--WW-->
  <OverlayItemSetting viewType ="MPR.MPR.Reslice">
    <Overlay ID ="29" Alignment ="6" Row = "6" Column ="0"></Overlay>
    <Text TextSource ="UserDefined" Prefix ="" Suffix =" " middle =""></Text>
    <DicomTag Group ="" Element =""></DicomTag>
  <Font Size ="16" Red ="255" Green ="96" Blue ="0"></Font>
    <Interaction bInteractive ="1" Mode ="WW" Region ="0"></Interaction>
  </OverlayItemSetting>
  <!--WL-->
  <OverlayItemSetting viewType ="MPR.MPR.Reslice">
    <Overlay ID ="30" Alignment ="6" Row = "6" Column ="1"></Overlay>
    <Text TextSource ="UserDefined" Prefix ="" Suffix ="" middle =""></Text>
    <DicomTag Group ="" Element =""></DicomTag>
  <Font Size ="16" Red ="255" Green ="96" Blue ="0"></Font>
    <Interaction bInteractive ="1" Mode ="WL" Region ="0"></Interaction>
  </OverlayItemSetting>
  <!--series Time-->
  <OverlayItemSetting viewType ="MPR.MPR.Reslice">
    <Overlay ID ="31" Alignment ="6" Row = "7" Column ="0"></Overlay>
    <Text TextSource ="DicomTag" Prefix ="" Suffix ="" middle =""></Text>
    <DicomTag Group ="0008" Element ="0031"></DicomTag>
    <Font Size ="16" Red ="134" Green ="134" Blue ="134"></Font>
    <Interaction bInteractive ="0" Mode ="" Region ="0"></Interaction>
  </OverlayItemSetting>
  <!--SUV Type-->
  <OverlayItemSetting viewType ="MPR.MPR.Reslice">
    <Overlay ID ="32" Alignment ="6" Row = "8" Column ="0"></Overlay>
    <Text TextSource ="UserDefined" Prefix ="" Suffix ="" middle =""></Text>
    <DicomTag Group ="" Element =""></DicomTag>
  <Font Size ="16" Red ="255" Green ="96" Blue ="0"></Font>
    <Interaction bInteractive ="1" Mode ="SUVType" Region ="0"></Interaction>
  </OverlayItemSetting>
  <!--Done-->
  <OverlayItemSetting viewType ="MPR.MPR.Reslice">
    <Overlay ID ="33" Alignment ="6" Row = "9" Column ="0"></Overlay>
    <Text TextSource ="UserDefined" Prefix ="" Suffix ="" middle =""></Text>
    <DicomTag Group ="" Element =""></DicomTag>
  <Font Size ="16" Red ="255" Green ="96" Blue ="0"></Font>
    <Interaction bInteractive ="1" Mode ="Dose" Region ="0"></Interaction>
  </OverlayItemSetting>
 


  <!--Orientation Left-->
  <OverlayItemSetting viewType ="MPR.MPR.Reslice">
    <Overlay ID ="34" Alignment ="7" Row = "0" Column ="0"></Overlay>
    <Text TextSource ="UserDefined" Prefix ="" Suffix ="" middle =""></Text>
    <DicomTag Group ="" Element =""></DicomTag>
  <Font Size ="16" Red ="255" Green ="96" Blue ="0"></Font>
    <Interaction bInteractive ="1" Mode ="OrientationCharLeft" Region ="0"></Interaction>
  </OverlayItemSetting>
      
  <!-- ------------------------------------------------------MPR VR --------------------------------------------------------------->
     <!--polarstar m660-->
  <OverlayItemSetting viewType ="MPR.VR">
    <Overlay ID ="1" Alignment ="0" Row = "0" Column ="0"></Overlay>
    <Text TextSource ="DicomTag" Prefix ="" Suffix ="" middle =""></Text>
    <DicomTag Group ="0005" Element ="1090"></DicomTag>
    <Font Size ="16" Red ="134" Green ="134" Blue ="134"></Font>
    <Interaction bInteractive ="0" Mode ="" Region ="0"></Interaction>
  </OverlayItemSetting>
  <!--sinogram-->
  <OverlayItemSetting viewType ="MPR.VR">
    <Overlay ID ="2" Alignment ="0" Row = "1" Column ="0"></Overlay>
    <Text TextSource ="DicomTag" Prefix ="" Suffix ="" middle =""></Text>
    <DicomTag Group ="0008" Element ="0070"></DicomTag>
    <Font Size ="16" Red ="134" Green ="134" Blue ="134"></Font>
    <Interaction bInteractive ="0" Mode ="" Region ="0"></Interaction>
  </OverlayItemSetting>
  <!--Axiel-->
  <OverlayItemSetting viewType ="MPR.VR">
    <Overlay ID ="3" Alignment ="0" Row = "2" Column ="0"></Overlay>
    <Text TextSource ="UserDefined" Prefix ="" Suffix ="" middle =""></Text>
    <DicomTag Group ="" Element =""></DicomTag>
  <Font Size ="16" Red ="255" Green ="96" Blue ="0"></Font>
    <Interaction bInteractive ="1" Mode ="ViewerMode" Region ="0"></Interaction>
  </OverlayItemSetting>
  <!--Ex-->
  <OverlayItemSetting viewType ="MPR.VR">
    <Overlay ID ="5" Alignment ="0" Row = "3" Column ="0"></Overlay>
    <Text TextSource ="DicomTag" Prefix ="Ex: " Suffix ="" middle =""></Text>
    <DicomTag Group ="0020" Element ="0010"></DicomTag>
    <Font Size ="16" Red ="134" Green ="134" Blue ="134"></Font>
    <Interaction bInteractive ="0" Mode ="" Region ="0"></Interaction>
  </OverlayItemSetting>
  <!--Series Number-->
  <OverlayItemSetting viewType ="MPR.VR">
    <Overlay ID ="6" Alignment ="0" Row = "4" Column ="0"></Overlay>
    <Text TextSource ="DicomTag" Prefix ="Se: " Suffix ="" middle =""></Text>
    <DicomTag Group ="0020" Element ="0011"></DicomTag>
    <Font Size ="16" Red ="134" Green ="134" Blue ="134"></Font>
    <Interaction bInteractive ="0" Mode ="" Region ="0"></Interaction>
  </OverlayItemSetting>
  <!--DFOV-->
  <OverlayItemSetting viewType ="MPR.VR">
  <Overlay ID ="8" Alignment ="0" Row = "5" Column ="0"></Overlay>
  <Text TextSource ="DicomTag" Prefix ="DFOV: " Suffix ="mm" middle =""></Text>
  <DicomTag Group ="0018" Element ="1100"></DicomTag>
    <Font Size ="16" Red ="134" Green ="134" Blue ="134"></Font>
  <Interaction bInteractive ="0" Mode ="" Region ="0"></Interaction>
  </OverlayItemSetting>




  <!--Orientation Top-->
  <OverlayItemSetting viewType ="MPR.VR">
    <Overlay ID ="10" Alignment ="1" Row = "0" Column ="0"></Overlay>
    <Text TextSource ="UserDefined" Prefix ="" Suffix ="" middle =""></Text>
    <DicomTag Group ="" Element =""></DicomTag>
  <Font Size ="16" Red ="255" Green ="96" Blue ="0"></Font>
    <Interaction bInteractive ="1" Mode ="OrientationCharTop" Region ="0"></Interaction>
  </OverlayItemSetting>


  <!--Insitiution name-->
  <OverlayItemSetting viewType ="MPR.VR">
    <Overlay ID ="11" Alignment ="2" Row = "0" Column ="0"></Overlay>
    <Text TextSource ="DicomTag" Prefix ="" Suffix ="" middle =""></Text>
    <DicomTag Group ="0008" Element ="0080"></DicomTag>
    <Font Size ="16" Red ="134" Green ="134" Blue ="134"></Font>
    <Interaction bInteractive ="0" Mode ="" Region ="0"></Interaction>
  </OverlayItemSetting>
  <!--study Date-->
  <OverlayItemSetting viewType ="MPR.VR">
    <Overlay ID ="12" Alignment ="2" Row = "1" Column ="0"></Overlay>
    <Text TextSource ="DicomTag" Prefix ="" Suffix ="" middle =""></Text>
    <DicomTag Group ="0008" Element ="0020"></DicomTag>
    <Font Size ="16" Red ="134" Green ="134" Blue ="134"></Font>
    <Interaction bInteractive ="0" Mode ="" Region ="0"></Interaction>
  </OverlayItemSetting>
  <!--Patient's Name-->
  <OverlayItemSetting viewType ="MPR.VR">
    <Overlay ID ="13" Alignment ="2" Row = "2" Column ="0"></Overlay>
    <Text TextSource ="DicomTag" Prefix ="" Suffix ="" middle =""></Text>
    <DicomTag Group ="0010" Element ="0010"></DicomTag>
    <Font Size ="16" Red ="134" Green ="134" Blue ="134"></Font>
    <Interaction bInteractive ="0" Mode ="" Region ="0"></Interaction>
  </OverlayItemSetting>
  <!--Patient Sex-->
  <OverlayItemSetting viewType ="MPR.VR">
    <Overlay ID ="14" Alignment ="2" Row = "3" Column ="0"></Overlay>
    <Text TextSource ="DicomTag" Prefix ="" Suffix =" " middle =""></Text>
    <DicomTag Group ="0010" Element ="0040"></DicomTag>
    <Font Size ="16" Red ="134" Green ="134" Blue ="134"></Font>
    <Interaction bInteractive ="0" Mode ="" Region ="0"></Interaction>
  </OverlayItemSetting>
  <!--Patient Age-->
  <OverlayItemSetting viewType ="MPR.VR">
    <Overlay ID ="15" Alignment ="2" Row = "3" Column ="1"></Overlay>
    <Text TextSource ="DicomTag" Prefix ="" Suffix ="" middle =""></Text>
    <DicomTag Group ="0010" Element ="1010"></DicomTag>
    <Font Size ="16" Red ="134" Green ="134" Blue ="134"></Font>
    <Interaction bInteractive ="0" Mode ="" Region ="0"></Interaction>
  </OverlayItemSetting>
  <!--Description-->
  <OverlayItemSetting viewType ="MPR.VR">
    <Overlay ID ="16" Alignment ="2" Row = "4" Column ="0"></Overlay>
    <Text TextSource ="DicomTag" Prefix ="" Suffix ="" middle =""></Text>
    <DicomTag Group ="0x0008" Element ="0x103E"></DicomTag>
    <Font Size ="16" Red ="134" Green ="134" Blue ="134"></Font>
    <Interaction bInteractive ="0" Mode ="" Region ="0"></Interaction>
  </OverlayItemSetting>

  <!--Orientation Right-->
  <OverlayItemSetting viewType ="MPR.VR">
    <Overlay ID ="17" Alignment ="3" Row = "0" Column ="0"></Overlay>
    <Text TextSource ="UserDefined" Prefix ="" Suffix ="" middle =""></Text>
    <DicomTag Group ="" Element =""></DicomTag>
  <Font Size ="16" Red ="255" Green ="96" Blue ="0"></Font>
    <Interaction bInteractive ="1" Mode ="OrientationCharRight" Region ="0"></Interaction>
  </OverlayItemSetting>


  <!--Pixel Body Position-->
  <OverlayItemSetting viewType ="MPR.VR">
    <Overlay ID ="18" Alignment ="4" Row = "0" Column ="0"></Overlay>
    <Text TextSource ="UserDefined" Prefix ="" Suffix ="" middle =""></Text>
    <DicomTag Group ="" Element =""></DicomTag>
  <Font Size ="16" Red ="255" Green ="96" Blue ="0"></Font>
    <Interaction bInteractive ="1" Mode ="PETPixelBodyPos" Region ="0"></Interaction>
  </OverlayItemSetting>
  <!--Pixel Value-->
  <OverlayItemSetting viewType ="MPR.VR">
    <Overlay ID ="19" Alignment ="4" Row = "1" Column ="0"></Overlay>
    <Text TextSource ="UserDefined" Prefix ="V: " Suffix ="" middle =""></Text>
    <DicomTag Group ="" Element =""></DicomTag>
    <Font Size ="16" Red ="255" Green ="96" Blue ="0"></Font>
    <Interaction bInteractive ="1" Mode ="PETPixelValue" Region ="0"></Interaction>
  </OverlayItemSetting>


  <!--Orientation Botton-->
  <OverlayItemSetting viewType ="MPR.VR">
    <Overlay ID ="20" Alignment ="5" Row = "0" Column ="0"></Overlay>
    <Text TextSource ="UserDefined" Prefix ="" Suffix ="" middle =""></Text>
    <DicomTag Group ="" Element =""></DicomTag>
  <Font Size ="16" Red ="255" Green ="96" Blue ="0"></Font>
    <Interaction bInteractive ="1" Mode ="OrientationCharBottom" Region ="0"></Interaction>
  </OverlayItemSetting>


  <!--WW-->
  <OverlayItemSetting viewType ="MPR.VR">
    <Overlay ID ="21" Alignment ="6" Row = "0" Column ="0"></Overlay>
    <Text TextSource ="UserDefined" Prefix ="" Suffix =" " middle =""></Text>
    <DicomTag Group ="" Element =""></DicomTag>
  <Font Size ="16" Red ="255" Green ="96" Blue ="0"></Font>
    <Interaction bInteractive ="1" Mode ="WW" Region ="0"></Interaction>
  </OverlayItemSetting>
  <!--WL-->
  <OverlayItemSetting viewType ="MPR.VR">
    <Overlay ID ="22" Alignment ="6" Row = "0" Column ="1"></Overlay>
    <Text TextSource ="UserDefined" Prefix ="" Suffix ="" middle =""></Text>
    <DicomTag Group ="" Element =""></DicomTag>
  <Font Size ="16" Red ="255" Green ="96" Blue ="0"></Font>
    <Interaction bInteractive ="1" Mode ="WL" Region ="0"></Interaction>
  </OverlayItemSetting>
  <!--series Time-->
  <OverlayItemSetting viewType ="MPR.VR">
    <Overlay ID ="23" Alignment ="6" Row = "1" Column ="0"></Overlay>
    <Text TextSource ="DicomTag" Prefix ="" Suffix ="" middle =""></Text>
    <DicomTag Group ="0008" Element ="0031"></DicomTag>
    <Font Size ="16" Red ="134" Green ="134" Blue ="134"></Font>
    <Interaction bInteractive ="0" Mode ="" Region ="0"></Interaction>
  </OverlayItemSetting>
  <!--SUV Type-->
  <OverlayItemSetting viewType ="MPR.VR">
    <Overlay ID ="24" Alignment ="6" Row = "2" Column ="0"></Overlay>
    <Text TextSource ="UserDefined" Prefix ="" Suffix ="" middle =""></Text>
    <DicomTag Group ="" Element =""></DicomTag>
  <Font Size ="16" Red ="255" Green ="96" Blue ="0"></Font>
    <Interaction bInteractive ="1" Mode ="SUVType" Region ="0"></Interaction>
  </OverlayItemSetting>
  <!--Done-->
  <OverlayItemSetting viewType ="MPR.VR">
    <Overlay ID ="25" Alignment ="6" Row = "3" Column ="0"></Overlay>
    <Text TextSource ="UserDefined" Prefix ="" Suffix ="" middle =""></Text>
    <DicomTag Group ="" Element =""></DicomTag>
  <Font Size ="16" Red ="255" Green ="96" Blue ="0"></Font>
    <Interaction bInteractive ="1" Mode ="Dose" Region ="0"></Interaction>
  </OverlayItemSetting>

  <!--Orientation Left-->
  <OverlayItemSetting viewType ="MPR.VR">
    <Overlay ID ="26" Alignment ="7" Row = "0" Column ="0"></Overlay>
    <Text TextSource ="UserDefined" Prefix ="" Suffix ="" middle =""></Text>
    <DicomTag Group ="" Element =""></DicomTag>
  <Font Size ="16" Red ="255" Green ="96" Blue ="0"></Font>
    <Interaction bInteractive ="1" Mode ="OrientationCharLeft" Region ="0"></Interaction>
  </OverlayItemSetting>
  
    <!-----------------------------------------------------------------------------Dynamic----------------------------------------------------------------------------- -->
  <!--Slice Position-->
  <OverlayItemSetting viewType ="DynamicPET.General">
    <Overlay ID ="1" Alignment ="0" Row = "0" Column ="0"></Overlay>
    <Text TextSource ="UserDefined" Prefix ="" Suffix ="" middle ="/"></Text>
    <DicomTag Group ="" Element =""></DicomTag>
    <Font Size ="16" Red ="255" Green ="255" Blue ="255"></Font>
    <Interaction bInteractive ="1" Mode ="SlicePosition" Region ="0"></Interaction>
  </OverlayItemSetting>
  <!--Image ID-->
  <OverlayItemSetting viewType ="DynamicPET.General">
    <Overlay ID ="2" Alignment ="0" Row = "3" Column ="0"></Overlay>
    <Text TextSource ="UserDefined" Prefix ="" Suffix ="" middle ="/"></Text>
    <DicomTag Group ="" Element =""></DicomTag>
    <Font Size ="16"  Red ="255" Green ="150" Blue ="255"></Font>
    <Interaction bInteractive ="1" Mode ="SliceNumber" Region ="0"></Interaction>
  </OverlayItemSetting>

  <!--Orientation Top-->
  <OverlayItemSetting viewType ="DynamicPET.General">
    <Overlay ID ="3" Alignment ="1" Row = "0" Column ="0"></Overlay>
    <Text TextSource ="UserDefined" Prefix ="" Suffix ="" middle =""></Text>
    <DicomTag Group ="" Element =""></DicomTag>
    <Font Size ="16" Red ="255" Green ="150" Blue ="255"></Font>
    <Interaction bInteractive ="1" Mode ="OrientationCharTop" Region ="0"></Interaction>
  </OverlayItemSetting>
  <!--Orientation Left-->
  <OverlayItemSetting viewType ="DynamicPET.General">
    <Overlay ID ="4" Alignment ="7" Row = "0" Column ="0"></Overlay>
    <Text TextSource ="UserDefined" Prefix ="" Suffix ="" middle =""></Text>
    <DicomTag Group ="" Element =""></DicomTag>
    <Font Size ="16" Red ="255" Green ="150" Blue ="255"></Font>
    <Interaction bInteractive ="1" Mode ="OrientationCharLeft" Region ="0"></Interaction>
  </OverlayItemSetting>

  <!--Series index-->
  <OverlayItemSetting viewType ="DynamicPET.General">
    <Overlay ID ="5" Alignment ="4" Row = "0" Column ="0"></Overlay>
    <Text TextSource ="UserDefined" Prefix ="" Suffix ="" middle =""></Text>
    <DicomTag Group ="" Element =""></DicomTag>
    <Font Size ="14" Red ="255" Green ="150" Blue ="255"></Font>
    <Interaction bInteractive ="1" Mode ="SeriesIndex" Region ="0"></Interaction>
  </OverlayItemSetting>
  <!--Image Time-->
  <OverlayItemSetting viewType ="DynamicPET.General">
    <Overlay ID ="6" Alignment ="4" Row = "1" Column ="0"></Overlay>
    <Text TextSource ="DicomTag" Prefix ="" Suffix ="" middle =""></Text>
    <DicomTag Group ="0008" Element ="0032"></DicomTag>
    <Font Size ="14" Red ="255" Green ="150" Blue ="255"></Font>
    <Interaction bInteractive ="0" Mode ="" Region ="0"></Interaction>
  </OverlayItemSetting>

  <!--Pixel Value-->
  <OverlayItemSetting viewType ="DynamicPET.General">
    <Overlay ID ="7" Alignment ="6" Row = "0" Column ="0"></Overlay>
    <Text TextSource ="UserDefined" Prefix ="" Suffix ="" middle =""></Text>
    <DicomTag Group ="" Element =""></DicomTag>
    <Font Size ="14" Red ="255" Green ="150" Blue ="255"></Font>
    <Interaction bInteractive ="1" Mode ="PETPixelValue" Region ="0"></Interaction>
  </OverlayItemSetting>
  
  <!--WW-->
  <OverlayItemSetting viewType ="DynamicPET.General">
    <Overlay ID ="8" Alignment ="6" Row = "1" Column ="0"></Overlay>
    <Text TextSource ="UserDefined" Prefix ="" Suffix ="  " middle =""></Text>
    <DicomTag Group ="" Element =""></DicomTag>
    <Font Size ="16" Red ="255" Green ="255" Blue ="255"></Font>
    <Interaction bInteractive ="1" Mode ="WW" Region ="0"></Interaction>
  </OverlayItemSetting>
  <!--WL-->
  <OverlayItemSetting viewType ="DynamicPET.General">
    <Overlay ID ="9" Alignment ="6" Row = "1" Column ="1"></Overlay>
    <Text TextSource ="UserDefined" Prefix ="" Suffix ="" middle =""></Text>
    <DicomTag Group ="" Element =""></DicomTag>
    <Font Size ="16" Red ="255" Green ="255" Blue ="255"></Font>
    <Interaction bInteractive ="1" Mode ="WL" Region ="0"></Interaction>
  </OverlayItemSetting>
  
  <!----------------------------------------------------------------------------Locator----------------------------------------------------------------------------------->
    <!--polarstar m660-->
  <OverlayItemSetting viewType ="Locator">
    <Overlay ID ="1" Alignment ="0" Row = "0" Column ="0"></Overlay>
    <Text TextSource ="DicomTag" Prefix ="" Suffix ="" middle =""></Text>
    <DicomTag Group ="0005" Element ="1090"></DicomTag>
    <Font Size ="16" Red ="134" Green ="134" Blue ="134"></Font>
    <Interaction bInteractive ="0" Mode ="" Region ="0"></Interaction>
  </OverlayItemSetting>
  <!--sinogram-->
  <OverlayItemSetting viewType ="Locator">
    <Overlay ID ="2" Alignment ="0" Row = "1" Column ="0"></Overlay>
    <Text TextSource ="DicomTag" Prefix ="" Suffix ="" middle =""></Text>
    <DicomTag Group ="0008" Element ="0070"></DicomTag>
    <Font Size ="16" Red ="134" Green ="134" Blue ="134"></Font>
    <Interaction bInteractive ="0" Mode ="" Region ="0"></Interaction>
  </OverlayItemSetting>
  <!--Ex-->
  <OverlayItemSetting viewType ="Locator">
    <Overlay ID ="5" Alignment ="0" Row = "2" Column ="0"></Overlay>
    <Text TextSource ="DicomTag" Prefix ="Ex: " Suffix ="" middle =""></Text>
    <DicomTag Group ="0020" Element ="0010"></DicomTag>
    <Font Size ="16" Red ="134" Green ="134" Blue ="134"></Font>
    <Interaction bInteractive ="0" Mode ="" Region ="0"></Interaction>
  </OverlayItemSetting>
  <!--Series Number-->
  <OverlayItemSetting viewType ="Locator">
    <Overlay ID ="6" Alignment ="0" Row = "3" Column ="0"></Overlay>
    <Text TextSource ="DicomTag" Prefix ="Se: " Suffix ="" middle =""></Text>
    <DicomTag Group ="0020" Element ="0011"></DicomTag>
    <Font Size ="16" Red ="134" Green ="134" Blue ="134"></Font>
    <Interaction bInteractive ="0" Mode ="" Region ="0"></Interaction>
  </OverlayItemSetting>
  <!--Image ID-->
  <OverlayItemSetting viewType ="Locator">
    <Overlay ID ="7" Alignment ="0" Row = "4" Column ="0"></Overlay>
    <Text TextSource ="UserDefined" Prefix ="Im: " Suffix ="" middle ="/"></Text>
    <DicomTag Group ="" Element =""></DicomTag>
  <Font Size ="16" Red ="255" Green ="96" Blue ="0"></Font>
    <Interaction bInteractive ="1" Mode ="SliceNumber" Region ="0"></Interaction>
  </OverlayItemSetting>


  <!--Orientation Top-->
  <OverlayItemSetting viewType ="Locator">
    <Overlay ID ="10" Alignment ="1" Row = "0" Column ="0"></Overlay>
    <Text TextSource ="UserDefined" Prefix ="" Suffix ="" middle =""></Text>
    <DicomTag Group ="" Element =""></DicomTag>
  <Font Size ="16" Red ="255" Green ="96" Blue ="0"></Font>
    <Interaction bInteractive ="1" Mode ="OrientationCharTop" Region ="0"></Interaction>
  </OverlayItemSetting>


  <!--Insitiution name-->
  <OverlayItemSetting viewType ="Locator">
    <Overlay ID ="11" Alignment ="2" Row = "0" Column ="0"></Overlay>
    <Text TextSource ="DicomTag" Prefix ="" Suffix ="" middle =""></Text>
    <DicomTag Group ="0008" Element ="0080"></DicomTag>
    <Font Size ="16" Red ="134" Green ="134" Blue ="134"></Font>
    <Interaction bInteractive ="0" Mode ="" Region ="0"></Interaction>
  </OverlayItemSetting>
  <!--study Date-->
  <OverlayItemSetting viewType ="Locator">
    <Overlay ID ="12" Alignment ="2" Row = "1" Column ="0"></Overlay>
    <Text TextSource ="DicomTag" Prefix ="" Suffix ="" middle =""></Text>
    <DicomTag Group ="0008" Element ="0020"></DicomTag>
    <Font Size ="16" Red ="134" Green ="134" Blue ="134"></Font>
    <Interaction bInteractive ="0" Mode ="" Region ="0"></Interaction>
  </OverlayItemSetting>
  <!--Patient's Name-->
  <OverlayItemSetting viewType ="Locator">
    <Overlay ID ="13" Alignment ="2" Row = "2" Column ="0"></Overlay>
    <Text TextSource ="DicomTag" Prefix ="" Suffix ="" middle =""></Text>
    <DicomTag Group ="0010" Element ="0010"></DicomTag>
    <Font Size ="16" Red ="134" Green ="134" Blue ="134"></Font>
    <Interaction bInteractive ="0" Mode ="" Region ="0"></Interaction>
  </OverlayItemSetting>
  <!--Patient Sex-->
  <OverlayItemSetting viewType ="Locator">
    <Overlay ID ="14" Alignment ="2" Row = "3" Column ="0"></Overlay>
    <Text TextSource ="DicomTag" Prefix ="" Suffix =" " middle =""></Text>
    <DicomTag Group ="0010" Element ="0040"></DicomTag>
    <Font Size ="16" Red ="134" Green ="134" Blue ="134"></Font>
    <Interaction bInteractive ="0" Mode ="" Region ="0"></Interaction>
  </OverlayItemSetting>
  <!--Patient Age-->
  <OverlayItemSetting viewType ="Locator">
    <Overlay ID ="15" Alignment ="2" Row = "3" Column ="1"></Overlay>
    <Text TextSource ="DicomTag" Prefix ="" Suffix ="" middle =""></Text>
    <DicomTag Group ="0010" Element ="1010"></DicomTag>
    <Font Size ="16" Red ="134" Green ="134" Blue ="134"></Font>
    <Interaction bInteractive ="0" Mode ="" Region ="0"></Interaction>
  </OverlayItemSetting>
  <!--Description-->
  <OverlayItemSetting viewType ="Locator">
    <Overlay ID ="16" Alignment ="2" Row = "4" Column ="0"></Overlay>
    <Text TextSource ="DicomTag" Prefix ="" Suffix ="" middle =""></Text>
    <DicomTag Group ="0x0008" Element ="0x103E"></DicomTag>
    <Font Size ="16" Red ="134" Green ="134" Blue ="134"></Font>
    <Interaction bInteractive ="0" Mode ="" Region ="0"></Interaction>
  </OverlayItemSetting>

  <!--Orientation Right-->
  <OverlayItemSetting viewType ="Locator">
    <Overlay ID ="17" Alignment ="3" Row = "0" Column ="0"></Overlay>
    <Text TextSource ="UserDefined" Prefix ="" Suffix ="" middle =""></Text>
    <DicomTag Group ="" Element =""></DicomTag>
  <Font Size ="16" Red ="255" Green ="96" Blue ="0"></Font>
    <Interaction bInteractive ="1" Mode ="OrientationCharRight" Region ="0"></Interaction>
  </OverlayItemSetting>


  <!--Pixel Body Position-->
  <OverlayItemSetting viewType ="Locator">
    <Overlay ID ="18" Alignment ="4" Row = "0" Column ="0"></Overlay>
    <Text TextSource ="UserDefined" Prefix ="" Suffix ="" middle =""></Text>
    <DicomTag Group ="" Element =""></DicomTag>
  <Font Size ="16" Red ="255" Green ="96" Blue ="0"></Font>
    <Interaction bInteractive ="1" Mode ="PETPixelBodyPos" Region ="0"></Interaction>
  </OverlayItemSetting>
  

  <!--Orientation Botton-->
  <OverlayItemSetting viewType ="Locator">
    <Overlay ID ="19" Alignment ="5" Row = "0" Column ="0"></Overlay>
    <Text TextSource ="UserDefined" Prefix ="" Suffix ="" middle =""></Text>
    <DicomTag Group ="" Element =""></DicomTag>
  <Font Size ="16" Red ="255" Green ="96" Blue ="0"></Font>
    <Interaction bInteractive ="1" Mode ="OrientationCharBottom" Region ="0"></Interaction>
  </OverlayItemSetting>

  <!--KVP-->
  <OverlayItemSetting viewType ="Locator">
    <Overlay ID ="20" Alignment ="6" Row = "0" Column ="0"></Overlay>
    <Text TextSource ="DicomTag" Prefix ="kV: " Suffix ="" middle =""></Text>
    <DicomTag Group ="0018" Element ="0060"></DicomTag>
    <Font Size ="16" Red ="134" Green ="134" Blue ="134"></Font>
    <Interaction bInteractive ="0" Mode ="" Region ="0"></Interaction>
  </OverlayItemSetting>
  <!--x-ray Tube Current-->
  <OverlayItemSetting viewType ="Locator">
    <Overlay ID ="21" Alignment ="6" Row = "1" Column ="0"></Overlay>
    <Text TextSource ="DicomTag" Prefix ="mA: " Suffix ="" middle =""></Text>
    <DicomTag Group ="0018" Element ="1151"></DicomTag>
    <Font Size ="16" Red ="134" Green ="134" Blue ="134"></Font>
    <Interaction bInteractive ="0" Mode ="" Region ="0"></Interaction>
  </OverlayItemSetting>
   <!--球管位置-->
  <OverlayItemSetting viewType ="Locator">
    <Overlay ID ="22" Alignment ="6" Row = "2" Column ="0"></Overlay>
    <Text TextSource ="DicomTag" Prefix ="" Suffix ="" middle =""></Text>
    <DicomTag Group ="0018" Element ="9305"></DicomTag>
    <Font Size ="16" Red ="134" Green ="134" Blue ="134"></Font>
    <Interaction bInteractive ="0" Mode ="" Region ="0"></Interaction>
  </OverlayItemSetting>
  <!--zoom-->
  <OverlayItemSetting viewType ="Locator">
    <Overlay ID ="23" Alignment ="6" Row = "3" Column ="0"></Overlay>
    <Text TextSource ="UserDefined" Prefix ="" Suffix ="" middle =""></Text>
    <DicomTag Group ="" Element =""></DicomTag>
  <Font Size ="16" Red ="255" Green ="96" Blue ="0"></Font>
    <Interaction bInteractive ="1" Mode ="ZoomRatio" Region ="0"></Interaction>
  </OverlayItemSetting>
  <!--WW-->
  <OverlayItemSetting viewType ="Locator">
    <Overlay ID ="24" Alignment ="6" Row = "4" Column ="0"></Overlay>
    <Text TextSource ="UserDefined" Prefix ="" Suffix =" " middle =""></Text>
    <DicomTag Group ="" Element =""></DicomTag>
  <Font Size ="16" Red ="255" Green ="96" Blue ="0"></Font>
    <Interaction bInteractive ="1" Mode ="WW" Region ="0"></Interaction>
  </OverlayItemSetting>
  <!--WL-->
  <OverlayItemSetting viewType ="Locator">
    <Overlay ID ="25" Alignment ="6" Row = "4" Column ="1"></Overlay>
    <Text TextSource ="UserDefined" Prefix ="" Suffix ="" middle =""></Text>
    <DicomTag Group ="" Element =""></DicomTag>
  <Font Size ="16" Red ="255" Green ="96" Blue ="0"></Font>
    <Interaction bInteractive ="1" Mode ="WL" Region ="0"></Interaction>
  </OverlayItemSetting>
  <!--series Time-->
  <OverlayItemSetting viewType ="Locator">
    <Overlay ID ="26" Alignment ="6" Row = "5" Column ="0"></Overlay>
    <Text TextSource ="DicomTag" Prefix ="" Suffix ="" middle =""></Text>
    <DicomTag Group ="0008" Element ="0031"></DicomTag>
    <Font Size ="16" Red ="134" Green ="134" Blue ="134"></Font>
    <Interaction bInteractive ="0" Mode ="" Region ="0"></Interaction>
  </OverlayItemSetting>

   <!--Orientation Left-->
  <OverlayItemSetting viewType ="Locator">
    <Overlay ID ="27" Alignment ="7" Row = "0" Column ="0"></Overlay>
    <Text TextSource ="UserDefined" Prefix ="" Suffix ="" middle =""></Text>
    <DicomTag Group ="" Element =""></DicomTag>
  <Font Size ="16" Red ="255" Green ="96" Blue ="0"></Font>
    <Interaction bInteractive ="1" Mode ="OrientationCharLeft" Region ="0"></Interaction>
  </OverlayItemSetting>

  

  <!----------------------------------------------------------------------------VR---------------------------------------------------------------------------------->
     
  <!--Orientation Top-->
  <OverlayItemSetting viewType ="VR">
    <Overlay ID ="10" Alignment ="1" Row = "0" Column ="0"></Overlay>
    <Text TextSource ="UserDefined" Prefix ="" Suffix ="" middle =""></Text>
    <DicomTag Group ="" Element =""></DicomTag>
  <Font Size ="16" Red ="255" Green ="96" Blue ="0"></Font>
    <Interaction bInteractive ="1" Mode ="OrientationCharTop" Region ="0"></Interaction>
  </OverlayItemSetting>


  <!--Insitiution name-->
  <OverlayItemSetting viewType ="VR">
    <Overlay ID ="11" Alignment ="2" Row = "0" Column ="0"></Overlay>
    <Text TextSource ="DicomTag" Prefix ="" Suffix ="" middle =""></Text>
    <DicomTag Group ="0008" Element ="0080"></DicomTag>
    <Font Size ="16" Red ="134" Green ="134" Blue ="134"></Font>
    <Interaction bInteractive ="0" Mode ="" Region ="0"></Interaction>
  </OverlayItemSetting>
  <!--Patient's Name-->
  <OverlayItemSetting viewType ="VR">
    <Overlay ID ="13" Alignment ="2" Row = "2" Column ="0"></Overlay>
    <Text TextSource ="DicomTag" Prefix ="" Suffix ="" middle =""></Text>
    <DicomTag Group ="0010" Element ="0010"></DicomTag>
    <Font Size ="16" Red ="134" Green ="134" Blue ="134"></Font>
    <Interaction bInteractive ="0" Mode ="" Region ="0"></Interaction>
  </OverlayItemSetting>
  <!--Description-->
  <OverlayItemSetting viewType ="VR">
    <Overlay ID ="16" Alignment ="2" Row = "4" Column ="0"></Overlay>
    <Text TextSource ="DicomTag" Prefix ="" Suffix ="" middle =""></Text>
    <DicomTag Group ="0008" Element ="103E"></DicomTag>
    <Font Size ="16" Red ="134" Green ="134" Blue ="134"></Font>
    <Interaction bInteractive ="0" Mode ="" Region ="0"></Interaction>
  </OverlayItemSetting>

  <!--Orientation Right-->
  <OverlayItemSetting viewType ="VR">
    <Overlay ID ="17" Alignment ="3" Row = "0" Column ="0"></Overlay>
    <Text TextSource ="UserDefined" Prefix ="" Suffix ="" middle =""></Text>
    <DicomTag Group ="" Element =""></DicomTag>
  <Font Size ="16" Red ="255" Green ="96" Blue ="0"></Font>
    <Interaction bInteractive ="1" Mode ="OrientationCharRight" Region ="0"></Interaction>
  </OverlayItemSetting>



  <!--Orientation Botton-->
  <OverlayItemSetting viewType ="VR">
    <Overlay ID ="19" Alignment ="5" Row = "0" Column ="0"></Overlay>
    <Text TextSource ="UserDefined" Prefix ="" Suffix ="" middle =""></Text>
    <DicomTag Group ="" Element =""></DicomTag>
  <Font Size ="16" Red ="255" Green ="96" Blue ="0"></Font>
    <Interaction bInteractive ="1" Mode ="OrientationCharBottom" Region ="0"></Interaction>
  </OverlayItemSetting>


  <!--Orientation Left-->
  <OverlayItemSetting viewType ="VR">
    <Overlay ID ="25" Alignment ="7" Row = "0" Column ="0"></Overlay>
    <Text TextSource ="UserDefined" Prefix ="" Suffix ="" middle =""></Text>
    <DicomTag Group ="" Element =""></DicomTag>
  <Font Size ="16" Red ="255" Green ="96" Blue ="0"></Font>
    <Interaction bInteractive ="1" Mode ="OrientationCharLeft" Region ="0"></Interaction>
  </OverlayItemSetting>
  
 
</Profiles>
